district,crop_type,plot_acres,soil_nitrogen_kg_ha,soil_ph,organic_carbon_pct,phosphorus_kg_ha,potassium_kg_ha,growth_stage,days_since_sowing,ndvi,optimal_solid_urea_pct,optimal_nano_urea_pct,solid_urea_bags,nano_urea_bottles,water_liters,expected_yield_quintal_acre
Moga,paddy,5,180.7,8.06,0.455,25.6,140.0,panicle_initiation,49,0.579,51.2,48.8,5.51,5.24,625,26.87
Sangrur,wheat,1,303.9,7.68,0.496,10.2,124.6,jointing,77,0.588,42.7,57.3,1.0,1.35,125,18.39
Moga,paddy,3,220.3,8.15,0.481,25.8,122.7,seedling,11,0.223,63.3,36.7,4.09,2.37,375,26.12
Firozpur,wheat,12,257.3,7.71,0.406,20.9,224.0,tillering,24,0.387,52.7,47.3,14.82,13.33,1500,19.21
Firozpur,paddy,4,202.9,8.55,0.456,36.2,227.9,tillering,40,0.415,56.0,44.0,4.81,3.79,500,26.69
Ludhiana,wheat,1,239.3,7.47,0.403,10.5,159.8,jointing,53,0.67,45.5,54.5,1.07,1.28,125,19.05
Moga,paddy,4,217.9,7.3,0.385,33.4,253.2,flowering,73,0.655,41.0,59.0,3.53,5.08,500,27.74
Patiala,paddy,1,248.6,7.73,0.523,28.3,205.5,tillering,43,0.375,45.7,54.3,0.98,1.17,125,28.83
Jalandhar,paddy,10,194.9,7.59,0.522,18.0,135.4,panicle_initiation,64,0.582,50.5,49.5,10.86,10.64,1250,28.93
Sangrur,wheat,2,195.6,7.46,0.583,21.4,144.4,germination,6,0.286,50.0,50.0,2.34,2.35,250,18.68
Sangrur,wheat,12,223.4,7.24,0.338,21.8,308.6,germination,19,0.205,58.2,41.8,16.4,11.76,1500,18.48
Ludhiana,paddy,4,217.3,8.17,0.444,11.2,189.0,seedling,2,0.238,66.9,33.1,5.75,2.85,500,25.35
Moga,paddy,2,261.6,7.46,0.496,22.9,246.5,panicle_initiation,61,0.71,48.8,51.2,2.1,2.2,250,27.86
Patiala,paddy,3,264.9,6.82,0.529,17.9,249.0,flowering,74,0.738,34.7,65.3,2.24,4.22,375,28.49
Moga,wheat,12,252.4,7.45,0.324,44.4,223.3,germination,1,0.299,62.0,38.0,17.46,10.7,1500,18.62
Moga,wheat,5,203.9,8.0,0.548,41.0,276.0,heading,91,0.787,41.6,58.4,4.88,6.86,625,21.73
Gurdaspur,paddy,2,175.7,7.08,0.501,34.2,250.4,seedling,3,0.243,65.5,34.5,2.82,1.48,250,27.32
Firozpur,paddy,4,222.1,8.08,0.246,22.9,173.0,grain_filling,109,0.602,49.0,51.0,4.22,4.38,500,28.96
Ludhiana,wheat,3,281.1,7.34,0.309,32.6,155.4,heading,94,0.783,37.4,62.6,2.63,4.4,375,19.74
Patiala,paddy,7,180.5,7.17,0.417,19.4,217.1,tillering,40,0.441,54.9,45.1,8.27,6.79,875,26.14
Moga,wheat,7,227.6,8.17,0.5,34.4,260.5,grain_filling,110,0.612,45.5,54.5,7.48,8.94,875,22.38
Jalandhar,paddy,3,258.3,8.05,0.565,21.8,195.1,tillering,38,0.505,47.4,52.6,3.06,3.39,375,28.11
Ludhiana,wheat,1,295.2,7.43,0.344,28.3,274.0,heading,92,0.725,36.1,63.9,0.85,1.5,125,19.28
Patiala,paddy,1,271.7,7.97,0.531,21.3,279.0,panicle_initiation,50,0.587,51.3,48.7,1.1,1.05,125,27.46
Ludhiana,wheat,5,201.9,7.3,0.492,35.0,252.0,grain_filling,101,0.641,48.4,51.6,5.67,6.06,625,20.13
Moga,wheat,2,234.2,7.37,0.307,22.0,138.4,germination,13,0.297,57.4,42.6,2.69,2.0,250,19.38
Bathinda,wheat,5,206.2,8.33,0.211,23.1,245.2,tillering,21,0.458,62.7,37.3,7.36,4.38,625,18.62
Amritsar,wheat,4,232.0,8.33,0.423,23.6,248.7,germination,18,0.273,59.5,40.5,5.58,3.8,500,19.35
Amritsar,wheat,2,236.6,7.6,0.447,23.5,256.3,tillering,39,0.406,54.9,45.1,2.57,2.12,250,19.66
Firozpur,paddy,3,242.5,7.74,0.27,36.3,281.4,seedling,2,0.204,60.0,40.0,3.87,2.58,375,27.93
Bathinda,wheat,2,215.2,8.46,0.26,23.2,226.9,heading,96,0.678,48.2,51.8,2.26,2.43,250,19.2
Jalandhar,paddy,5,248.5,7.64,0.374,21.5,254.5,flowering,86,0.758,37.0,63.0,3.97,6.78,625,27.08
Moga,paddy,7,162.8,8.01,0.439,34.7,313.7,seedling,9,0.259,58.2,41.8,8.77,6.29,875,27.95
Firozpur,wheat,2,245.1,8.25,0.243,13.0,317.3,grain_filling,101,0.626,51.6,48.4,2.42,2.27,250,19.96
Jalandhar,wheat,3,171.7,8.03,0.459,24.8,301.3,jointing,63,0.502,56.0,44.0,3.94,3.1,375,17.84
Ludhiana,paddy,12,213.3,7.48,0.467,12.9,225.7,grain_filling,96,0.586,34.3,65.7,8.85,16.95,1500,27.38
Sangrur,paddy,15,293.7,7.28,0.523,12.6,153.2,seedling,13,0.188,50.3,49.7,16.23,16.03,1875,29.72
Moga,wheat,3,194.3,8.25,0.546,25.9,244.0,tillering,48,0.479,54.7,45.3,3.85,3.19,375,18.8
Bathinda,paddy,10,258.1,8.41,0.334,20.8,282.8,flowering,81,0.633,47.2,52.8,10.16,11.35,1250,28.98
Amritsar,wheat,4,272.7,7.86,0.299,24.4,275.5,tillering,35,0.38,56.0,44.0,5.26,4.13,500,18.43
Ludhiana,paddy,15,245.6,7.5,0.396,12.0,292.9,seedling,4,0.28,58.5,41.5,18.89,13.37,1875,27.25
Bathinda,paddy,4,172.9,7.81,0.251,18.8,174.9,flowering,66,0.734,40.5,59.5,3.49,5.12,500,27.56
Kapurthala,wheat,3,226.7,8.0,0.385,38.6,313.6,jointing,75,0.63,52.2,47.8,3.67,3.36,375,18.99
Amritsar,paddy,3,276.4,7.94,0.544,31.3,247.3,panicle_initiation,64,0.731,47.5,52.5,3.07,3.39,375,28.86
Moga,wheat,3,252.7,8.08,0.412,39.5,273.8,heading,85,0.796,44.4,55.6,3.12,3.92,375,18.15
Patiala,wheat,4,234.4,7.5,0.49,34.4,156.0,heading,83,0.775,39.2,60.8,3.68,5.7,500,19.58
Patiala,wheat,3,193.7,7.13,0.412,13.1,144.1,germination,11,0.181,69.9,30.1,4.92,2.12,375,18.28
Gurdaspur,wheat,5,242.4,7.66,0.489,15.5,195.5,germination,3,0.271,54.4,45.6,6.38,5.35,625,18.04
Firozpur,wheat,7,216.6,7.84,0.35,36.2,127.3,jointing,57,0.651,49.9,50.1,8.2,8.22,875,20.02
Patiala,wheat,10,207.7,7.25,0.357,21.3,162.3,tillering,50,0.374,57.1,42.9,13.39,10.07,1250,19.21
Patiala,paddy,3,237.1,7.5,0.608,29.5,237.3,flowering,84,0.676,35.7,64.3,2.3,4.15,375,29.47
Firozpur,wheat,7,176.2,8.52,0.222,17.9,193.1,heading,91,0.618,57.5,42.5,9.45,6.98,875,20.03
Jalandhar,wheat,7,296.5,7.69,0.511,38.7,263.7,jointing,58,0.605,39.3,60.7,6.45,9.97,875,21.31
Jalandhar,wheat,1,176.1,7.83,0.372,30.3,150.9,heading,93,0.707,39.4,60.6,0.92,1.42,125,18.99
Moga,wheat,4,183.2,7.95,0.297,14.9,120.5,germination,10,0.221,66.4,33.6,6.23,3.16,500,18.56
Bathinda,paddy,4,255.1,7.66,0.383,42.8,156.2,panicle_initiation,46,0.698,45.6,54.4,3.93,4.68,500,27.89
Gurdaspur,paddy,3,286.9,7.81,0.382,18.2,246.8,flowering,90,0.775,30.2,69.8,1.95,4.5,375,28.63
Patiala,paddy,2,245.6,7.33,0.552,22.4,198.3,tillering,29,0.365,38.1,61.9,1.64,2.66,250,29.15
Patiala,paddy,5,216.9,6.97,0.628,31.7,226.7,panicle_initiation,49,0.75,40.9,59.1,4.4,6.35,625,29.38
Ludhiana,wheat,3,259.8,7.91,0.607,22.0,284.3,heading,93,0.625,35.7,64.3,2.51,4.53,375,20.6
Jalandhar,paddy,10,260.8,7.87,0.502,29.0,170.4,grain_filling,110,0.481,36.7,63.3,7.88,13.62,1250,29.2
Kapurthala,paddy,4,181.5,7.7,0.447,31.4,123.6,flowering,76,0.786,41.4,58.6,3.57,5.04,500,27.98
Firozpur,paddy,2,238.0,7.85,0.239,12.7,140.8,seedling,5,0.268,59.1,40.9,2.54,1.76,250,26.6
Jalandhar,wheat,7,288.9,8.14,0.446,30.7,199.8,germination,20,0.2,59.6,40.4,9.78,6.64,875,17.14
Sangrur,wheat,3,213.6,7.81,0.445,17.9,210.5,jointing,72,0.539,52.4,47.6,3.69,3.35,375,18.37
Ludhiana,paddy,7,218.9,7.26,0.374,28.0,315.1,seedling,0,0.222,55.0,45.0,8.28,6.78,875,27.12
Moga,paddy,3,164.4,8.02,0.335,41.4,161.0,grain_filling,107,0.456,47.9,52.1,3.09,3.36,375,27.09
Patiala,wheat,12,243.4,7.33,0.49,29.6,151.0,germination,7,0.279,51.8,48.2,14.58,13.58,1500,17.88
Amritsar,wheat,4,153.6,7.39,0.465,33.1,125.4,jointing,74,0.543,47.9,52.1,4.49,4.89,500,19.31
Bathinda,wheat,5,211.4,7.81,0.225,18.5,264.5,jointing,66,0.587,53.0,47.0,6.22,5.51,625,17.75
Amritsar,wheat,7,162.0,7.45,0.258,16.4,236.6,heading,98,0.779,41.3,58.7,6.78,9.64,875,18.65
Amritsar,wheat,12,154.8,8.2,0.354,37.1,192.6,grain_filling,112,0.494,47.9,52.1,13.5,14.66,1500,18.71
Firozpur,paddy,2,195.9,7.62,0.356,27.9,268.3,tillering,28,0.443,50.0,50.0,2.15,2.15,250,28.48
Kapurthala,wheat,4,184.0,7.33,0.296,42.0,143.6,heading,89,0.655,51.1,48.9,4.79,4.59,500,19.68
Moga,wheat,4,174.6,7.49,0.353,35.6,170.1,grain_filling,125,0.549,46.0,54.0,4.32,5.06,500,19.41
Kapurthala,wheat,3,209.5,8.15,0.347,13.2,274.2,grain_filling,121,0.617,47.7,52.3,3.36,3.68,375,19.65
Firozpur,paddy,4,196.6,8.2,0.482,35.6,163.0,flowering,80,0.652,45.0,55.0,3.87,4.73,500,27.27
Amritsar,paddy,7,216.4,7.61,0.355,24.4,261.0,tillering,40,0.407,51.9,48.1,7.81,7.24,875,27.78
Sangrur,paddy,12,215.5,7.1,0.594,14.8,310.0,seedling,14,0.161,56.1,43.9,14.47,11.34,1500,29.03
Ludhiana,paddy,1,276.9,8.02,0.387,27.1,164.2,tillering,24,0.567,51.3,48.7,1.1,1.05,125,27.17
Moga,paddy,3,221.2,7.54,0.307,35.6,158.5,tillering,42,0.567,51.1,48.9,3.3,3.16,375,27.02
Amritsar,wheat,3,240.2,7.98,0.359,29.6,216.2,jointing,55,0.617,52.3,47.7,3.68,3.35,375,17.78
Firozpur,wheat,15,240.7,7.78,0.395,41.0,243.2,tillering,43,0.442,53.9,46.1,18.98,16.22,1875,18.36
Moga,wheat,1,162.4,7.3,0.282,26.8,236.2,heading,95,0.68,48.9,51.1,1.15,1.2,125,17.63
Ludhiana,wheat,15,195.5,7.43,0.401,20.4,166.7,germination,15,0.153,58.2,41.8,20.48,14.71,1875,17.53
Firozpur,wheat,2,263.9,8.36,0.293,30.6,316.5,jointing,80,0.635,53.5,46.5,2.51,2.18,250,19.69
Bathinda,paddy,2,136.8,7.56,0.296,11.3,311.5,grain_filling,95,0.557,58.5,41.5,2.52,1.78,250,27.38
Ludhiana,wheat,1,235.5,7.91,0.544,15.4,283.2,grain_filling,124,0.6,35.3,64.7,0.83,1.52,125,18.8
Gurdaspur,wheat,1,294.3,6.94,0.429,42.6,267.0,tillering,44,0.401,45.3,54.7,1.06,1.28,125,19.08
Amritsar,wheat,3,180.8,8.02,0.273,39.8,219.0,grain_filling,119,0.615,52.0,48.0,3.66,3.38,375,20.78
Ludhiana,paddy,5,291.6,7.79,0.598,40.4,261.7,panicle_initiation,58,0.689,39.1,60.9,4.21,6.54,625,29.82
Moga,paddy,1,289.6,7.71,0.543,10.2,284.0,grain_filling,120,0.604,38.7,61.3,0.83,1.32,125,29.57
Moga,wheat,2,166.8,7.56,0.444,14.1,195.3,grain_filling,103,0.476,46.9,53.1,2.2,2.49,250,18.24
Amritsar,wheat,5,238.6,8.32,0.281,42.8,257.6,tillering,24,0.41,57.4,42.6,6.73,5.0,625,17.94
Ludhiana,wheat,3,190.5,8.02,0.647,33.7,209.2,jointing,53,0.631,51.4,48.6,3.62,3.42,375,19.93
Kapurthala,wheat,7,182.3,7.56,0.583,13.6,290.8,grain_filling,129,0.51,39.8,60.2,6.54,9.88,875,20.08
Patiala,paddy,3,191.1,7.32,0.68,24.7,247.7,panicle_initiation,50,0.747,40.3,59.7,2.6,3.85,375,29.08
Patiala,wheat,2,261.2,7.24,0.653,26.6,313.6,germination,16,0.164,60.9,39.1,2.86,1.84,250,17.51
Moga,paddy,2,173.4,7.24,0.555,31.6,279.3,seedling,13,0.165,55.0,45.0,2.36,1.94,250,29.44
Sangrur,wheat,1,187.5,7.72,0.404,30.7,206.6,grain_filling,117,0.452,45.6,54.4,1.07,1.28,125,16.56
Sangrur,wheat,4,262.3,7.95,0.55,11.4,216.1,germination,16,0.165,61.0,39.0,5.72,3.66,500,19.19
Jalandhar,wheat,3,268.6,8.23,0.303,28.7,296.5,germination,12,0.162,66.6,33.4,4.69,2.35,375,17.57
Kapurthala,paddy,4,188.0,7.2,0.322,32.3,261.3,seedling,5,0.23,66.1,33.9,5.69,2.91,500,26.81
Firozpur,paddy,3,242.2,7.81,0.448,12.8,299.0,flowering,71,0.763,38.2,61.8,2.46,3.99,375,29.55
Kapurthala,wheat,5,261.5,7.71,0.492,26.8,243.1,jointing,73,0.603,47.4,52.6,5.57,6.17,625,20.13
Patiala,wheat,2,172.9,7.58,0.466,29.0,218.7,heading,90,0.681,41.0,59.0,1.92,2.77,250,19.0
Moga,wheat,4,276.6,8.0,0.5,24.9,189.2,heading,100,0.701,46.8,53.2,4.39,4.99,500,20.63
Kapurthala,paddy,3,228.1,8.05,0.569,24.8,175.4,panicle_initiation,57,0.627,41.5,58.5,2.68,3.77,375,29.3
Kapurthala,paddy,2,287.3,7.22,0.364,44.0,156.2,grain_filling,96,0.534,35.5,64.5,1.53,2.77,250,28.35
Firozpur,paddy,4,222.8,7.51,0.403,20.9,199.8,panicle_initiation,50,0.552,41.1,58.9,3.54,5.06,500,28.24
Moga,wheat,4,188.0,7.28,0.323,28.2,187.4,germination,0,0.217,63.1,36.9,5.92,3.46,500,17.29
Bathinda,wheat,1,194.7,8.52,0.376,25.6,292.8,heading,100,0.654,52.2,47.8,1.22,1.12,125,19.34
Ludhiana,wheat,12,243.3,8.12,0.411,27.8,128.3,tillering,40,0.547,56.7,43.3,15.98,12.18,1500,18.78
Firozpur,wheat,2,198.4,8.2,0.259,11.0,181.6,tillering,30,0.497,61.8,38.2,2.9,1.79,250,17.85
Sangrur,paddy,7,189.8,7.76,0.568,43.1,256.6,tillering,33,0.492,46.7,53.3,7.02,8.03,875,28.05
Firozpur,paddy,2,258.6,8.12,0.483,38.9,253.4,seedling,9,0.195,56.2,43.8,2.42,1.89,250,27.74
Ludhiana,wheat,5,301.9,7.94,0.498,35.8,295.7,grain_filling,106,0.515,39.8,60.2,4.67,7.06,625,19.56
Gurdaspur,wheat,4,296.6,7.31,0.418,32.7,185.7,germination,11,0.241,57.6,42.4,5.41,3.98,500,17.27
Ludhiana,wheat,3,232.3,7.27,0.326,31.1,253.6,tillering,22,0.443,55.2,44.8,3.88,3.15,375,19.4
Sangrur,paddy,4,278.9,7.12,0.348,28.4,169.2,flowering,80,0.679,45.6,54.4,3.92,4.68,500,28.58
Bathinda,wheat,2,121.1,8.34,0.425,18.5,305.4,heading,93,0.67,46.9,53.1,2.2,2.49,250,19.22
Jalandhar,paddy,7,290.1,7.74,0.466,13.1,263.5,tillering,32,0.575,38.8,61.2,5.84,9.21,875,27.55
Kapurthala,paddy,7,185.8,7.35,0.536,16.5,303.6,flowering,69,0.617,44.4,55.6,6.69,8.37,875,26.98
Moga,paddy,5,227.1,7.85,0.516,32.6,155.0,seedling,12,0.268,49.1,50.9,5.28,5.47,625,28.3
Jalandhar,wheat,2,275.2,7.61,0.494,13.3,244.8,germination,17,0.173,60.8,39.2,2.85,1.84,250,19.37
Bathinda,wheat,2,123.3,8.33,0.352,29.1,166.4,grain_filling,129,0.462,56.0,44.0,2.63,2.06,250,17.26
Amritsar,wheat,4,209.9,8.06,0.458,44.7,145.7,jointing,54,0.659,48.9,51.1,4.59,4.8,500,19.14
Firozpur,paddy,5,213.4,7.88,0.323,22.0,243.4,grain_filling,107,0.591,43.6,56.4,4.69,6.07,625,26.52
Firozpur,paddy,15,221.1,8.04,0.311,21.7,253.9,flowering,67,0.673,39.1,60.9,12.63,19.63,1875,27.3
Sangrur,paddy,3,299.1,7.19,0.521,17.0,227.2,seedling,6,0.248,56.3,43.7,3.63,2.82,375,28.99
Moga,wheat,1,176.3,8.29,0.557,28.9,288.4,grain_filling,120,0.575,40.4,59.6,0.95,1.4,125,19.79
Sangrur,wheat,4,173.8,7.13,0.373,22.0,196.2,tillering,47,0.398,53.3,46.7,5.01,4.38,500,19.15
Kapurthala,paddy,2,232.2,8.1,0.444,44.7,290.3,tillering,27,0.564,48.7,51.3,2.09,2.21,250,27.93
Firozpur,wheat,2,231.0,7.57,0.279,38.7,184.5,jointing,52,0.534,53.3,46.7,2.5,2.19,250,18.94
Kapurthala,paddy,3,178.6,8.03,0.576,27.0,241.3,grain_filling,110,0.535,40.9,59.1,2.64,3.81,375,27.21
Firozpur,wheat,7,200.9,7.68,0.242,37.2,144.4,heading,93,0.787,48.2,51.8,7.91,8.51,875,18.93
Amritsar,paddy,5,171.3,7.27,0.484,26.1,131.6,panicle_initiation,63,0.562,47.2,52.8,5.07,5.68,625,26.76
Ludhiana,wheat,2,319.5,7.98,0.515,20.7,244.8,heading,86,0.685,35.6,64.4,1.67,3.02,250,21.59
Patiala,wheat,1,228.0,7.79,0.607,36.9,122.2,tillering,50,0.446,49.6,50.4,1.16,1.18,125,18.86
Kapurthala,wheat,3,246.7,7.39,0.549,32.0,159.8,grain_filling,113,0.459,46.4,53.6,3.27,3.77,375,18.45
Bathinda,paddy,7,133.7,8.13,0.238,21.4,267.5,panicle_initiation,54,0.673,64.5,35.5,9.71,5.35,875,27.71
Ludhiana,paddy,10,290.2,7.38,0.541,25.3,170.9,tillering,33,0.359,50.5,49.5,10.85,10.65,1250,28.02
Amritsar,wheat,5,213.0,7.47,0.517,25.8,296.5,grain_filling,112,0.552,40.9,59.1,4.8,6.93,625,19.65
Firozpur,wheat,5,135.0,8.01,0.329,26.2,318.3,heading,95,0.788,48.8,51.2,5.72,6.01,625,17.88
Bathinda,paddy,2,227.0,7.84,0.205,12.9,313.6,seedling,8,0.2,66.8,33.2,2.88,1.43,250,26.17
Gurdaspur,paddy,10,249.2,6.95,0.64,38.0,178.6,tillering,37,0.462,52.1,47.9,11.2,10.3,1250,28.34
Amritsar,wheat,2,197.4,8.31,0.317,23.0,206.4,heading,98,0.789,46.3,53.7,2.17,2.52,250,19.08
Ludhiana,paddy,3,220.0,7.98,0.601,39.6,303.8,tillering,36,0.524,46.5,53.5,3.0,3.45,375,28.59
Moga,wheat,5,162.5,7.55,0.503,19.4,227.9,grain_filling,118,0.472,43.4,56.6,5.09,6.64,625,19.47
Sangrur,wheat,3,247.6,7.56,0.395,29.8,257.8,heading,95,0.775,39.6,60.4,2.79,4.25,375,18.34
Firozpur,wheat,5,231.7,8.59,0.248,24.1,280.0,jointing,75,0.622,56.4,43.6,6.62,5.11,625,19.66
Gurdaspur,wheat,5,250.4,7.48,0.6,39.4,286.5,germination,1,0.264,52.9,47.1,6.21,5.52,625,19.88
Sangrur,paddy,1,304.5,7.41,0.444,35.3,297.2,panicle_initiation,50,0.683,38.8,61.2,0.83,1.32,125,27.97
Jalandhar,wheat,3,282.4,7.71,0.511,13.6,165.1,heading,84,0.611,40.8,59.2,2.87,4.17,375,22.05
Patiala,wheat,2,180.8,6.87,0.467,37.5,261.5,heading,99,0.688,42.8,57.2,2.01,2.68,250,17.81
Amritsar,wheat,3,158.8,8.16,0.48,35.7,179.9,germination,16,0.246,67.6,32.4,4.76,2.28,375,17.61
Moga,paddy,2,237.3,7.4,0.382,21.7,125.2,seedling,13,0.258,48.3,51.7,2.08,2.22,250,27.14
Bathinda,wheat,5,239.4,7.79,0.294,26.2,216.2,grain_filling,110,0.637,43.5,56.5,5.11,6.62,625,19.41
Moga,wheat,12,216.2,8.0,0.507,15.6,242.0,heading,100,0.731,38.1,61.9,10.72,17.43,1500,19.59
Patiala,wheat,1,280.2,7.97,0.48,25.0,289.0,heading,89,0.698,36.3,63.7,0.85,1.49,125,18.9
Ludhiana,paddy,5,192.1,7.28,0.556,29.2,145.6,grain_filling,100,0.591,37.7,62.3,4.05,6.7,625,29.88
Bathinda,wheat,5,211.6,7.76,0.341,26.2,314.4,heading,89,0.604,42.5,57.5,4.99,6.74,625,19.17
Sangrur,paddy,2,238.3,7.13,0.575,35.3,133.5,seedling,0,0.23,53.3,46.7,2.29,2.01,250,28.92
Bathinda,paddy,2,239.0,8.37,0.316,24.4,250.2,flowering,89,0.757,42.2,57.8,1.82,2.49,250,27.78
Patiala,paddy,7,198.2,7.11,0.408,21.6,271.4,grain_filling,105,0.6,42.1,57.9,6.34,8.71,875,25.75
Kapurthala,paddy,3,238.1,7.66,0.319,22.0,176.5,tillering,35,0.534,46.4,53.6,2.99,3.46,375,26.17
Patiala,wheat,4,197.4,7.02,0.383,22.5,271.5,grain_filling,121,0.512,38.7,61.3,3.63,5.75,500,19.35
Sangrur,paddy,2,209.3,7.94,0.59,19.7,316.7,seedling,11,0.176,54.9,45.1,2.36,1.94,250,28.61
Bathinda,wheat,5,206.1,7.61,0.421,38.1,221.0,germination,12,0.298,52.8,47.2,6.2,5.54,625,18.84
Sangrur,paddy,3,256.9,7.14,0.52,13.3,125.9,flowering,67,0.642,41.5,58.5,2.67,3.78,375,28.61
Sangrur,paddy,3,209.0,7.52,0.563,26.1,191.6,tillering,37,0.54,46.6,53.4,3.01,3.44,375,27.33
Firozpur,wheat,4,230.7,7.9,0.474,35.9,158.3,jointing,75,0.596,50.4,49.6,4.73,4.66,500,18.99
Patiala,wheat,7,273.5,6.93,0.46,10.1,256.3,germination,19,0.184,63.6,36.4,10.45,5.98,875,17.42
Jalandhar,paddy,2,190.2,7.53,0.302,36.7,201.7,flowering,79,0.781,43.8,56.2,1.89,2.42,250,28.4
Sangrur,paddy,2,243.5,7.12,0.443,26.1,292.9,panicle_initiation,64,0.745,41.4,58.6,1.78,2.52,250,27.73
Firozpur,wheat,15,265.3,7.55,0.418,44.0,285.2,jointing,59,0.685,51.0,49.0,17.95,17.24,1875,20.95
Moga,wheat,3,243.9,7.69,0.338,14.2,133.7,germination,8,0.152,66.4,33.6,4.67,2.36,375,17.14
Patiala,wheat,15,272.2,7.52,0.373,40.7,295.5,grain_filling,114,0.518,45.7,54.3,16.07,19.12,1875,20.3
Ludhiana,wheat,2,240.1,7.32,0.576,30.1,251.8,heading,85,0.72,36.9,63.1,1.73,2.96,250,20.7
Firozpur,paddy,3,133.5,8.23,0.243,41.9,212.9,seedling,2,0.266,74.8,25.2,4.83,1.62,375,27.56
Jalandhar,paddy,4,249.5,7.91,0.322,18.2,277.4,panicle_initiation,57,0.74,46.1,53.9,3.97,4.63,500,29.16
Moga,wheat,3,279.8,7.2,0.282,31.1,301.5,jointing,78,0.603,57.9,42.1,4.07,2.96,375,18.89
Patiala,wheat,3,236.4,7.51,0.538,39.9,129.9,jointing,70,0.524,51.0,49.0,3.59,3.45,375,20.57
Kapurthala,wheat,7,290.4,7.48,0.317,31.6,142.8,jointing,77,0.612,50.7,49.3,8.33,8.1,875,19.75
Patiala,wheat,5,300.1,7.0,0.486,35.5,296.5,grain_filling,121,0.502,41.2,58.8,4.83,6.9,625,18.22
Kapurthala,paddy,5,280.8,7.0,0.512,39.0,128.1,flowering,83,0.651,35.8,64.2,3.85,6.91,625,30.17
Bathinda,wheat,3,178.7,8.48,0.218,12.8,191.0,tillering,49,0.486,63.7,36.3,4.48,2.55,375,18.52
Amritsar,wheat,15,166.2,7.39,0.302,32.3,268.2,grain_filling,106,0.616,49.7,50.3,17.48,17.71,1875,20.03
Patiala,wheat,5,181.8,7.28,0.669,38.3,163.2,germination,5,0.277,59.5,40.5,6.98,4.75,625,18.9
Moga,wheat,1,275.6,7.85,0.34,23.4,210.0,heading,95,0.752,41.2,58.8,0.97,1.38,125,19.24
Ludhiana,wheat,4,251.6,7.2,0.526,11.6,272.4,heading,99,0.605,37.8,62.2,3.54,5.84,500,21.27
Ludhiana,wheat,3,298.6,7.64,0.595,30.3,231.9,heading,97,0.628,31.0,69.0,2.18,4.86,375,19.82
Jalandhar,wheat,2,189.2,8.21,0.413,23.8,182.6,grain_filling,115,0.548,47.8,52.2,2.24,2.45,250,19.36
Bathinda,wheat,3,182.2,8.79,0.336,13.1,241.4,heading,97,0.677,49.4,50.6,3.48,3.56,375,19.41
Ludhiana,wheat,4,203.6,7.3,0.593,22.5,285.4,grain_filling,119,0.485,35.7,64.3,3.35,6.04,500,20.1
Moga,wheat,5,178.1,7.84,0.58,15.3,283.4,heading,99,0.756,33.9,66.1,3.97,7.76,625,19.17
Firozpur,paddy,4,158.2,7.87,0.231,26.6,228.6,panicle_initiation,47,0.694,54.9,45.1,4.72,3.88,500,28.02
Ludhiana,paddy,3,245.3,7.04,0.639,43.2,222.6,flowering,77,0.751,31.7,68.3,2.05,4.4,375,26.77
Ludhiana,paddy,3,241.8,7.73,0.622,22.7,265.1,grain_filling,104,0.528,41.6,58.4,2.68,3.77,375,29.36
Moga,paddy,1,183.1,7.32,0.535,25.4,289.4,panicle_initiation,51,0.601,51.7,48.3,1.11,1.04,125,29.43
Sangrur,paddy,2,266.2,7.76,0.343,20.5,191.7,tillering,24,0.414,51.4,48.6,2.21,2.09,250,27.69
Moga,wheat,7,202.8,7.9,0.291,10.2,307.4,heading,89,0.753,39.7,60.3,6.52,9.9,875,19.47
Gurdaspur,paddy,1,214.2,7.66,0.328,20.7,229.8,flowering,78,0.79,40.1,59.9,0.86,1.29,125,28.29
Amritsar,wheat,2,220.1,8.15,0.462,11.8,134.6,grain_filling,124,0.509,48.6,51.4,2.28,2.41,250,18.0
Firozpur,wheat,3,256.9,7.79,0.353,17.9,248.1,grain_filling,113,0.571,39.4,60.6,2.78,4.26,375,18.77
Ludhiana,paddy,2,301.4,7.54,0.588,29.4,247.4,tillering,29,0.457,35.7,64.3,1.54,2.76,250,27.69
Jalandhar,wheat,3,268.5,7.43,0.439,19.9,146.8,tillering,31,0.404,54.1,45.9,3.81,3.23,375,19.24
Sangrur,paddy,3,173.8,7.92,0.301,18.6,268.2,grain_filling,118,0.467,50.2,49.8,3.24,3.21,375,26.61
Jalandhar,paddy,3,284.9,7.62,0.571,23.2,312.8,grain_filling,107,0.567,34.7,65.3,2.24,4.21,375,27.39
Firozpur,paddy,12,149.5,7.71,0.465,16.4,175.7,panicle_initiation,62,0.685,53.4,46.6,13.79,12.01,1500,26.41
Patiala,paddy,1,176.7,7.23,0.685,27.5,206.5,tillering,29,0.527,47.1,52.9,1.01,1.14,125,28.26
Bathinda,paddy,4,239.0,7.78,0.364,26.5,296.0,seedling,3,0.238,56.8,43.2,4.88,3.72,500,26.67
Moga,wheat,1,258.2,8.27,0.286,33.9,213.6,germination,3,0.163,69.0,31.0,1.62,0.73,125,18.71
Sangrur,wheat,1,202.5,7.92,0.305,23.3,187.5,germination,3,0.292,56.4,43.6,1.32,1.02,125,19.46
Sangrur,wheat,4,266.5,7.97,0.313,23.9,272.5,heading,96,0.755,41.3,58.7,3.87,5.51,500,19.45
Sangrur,wheat,5,211.5,7.38,0.536,17.8,248.4,heading,96,0.714,42.1,57.9,4.94,6.79,625,20.4
Patiala,wheat,2,295.8,7.74,0.623,26.0,199.6,heading,88,0.613,30.7,69.3,1.44,3.25,250,18.84
Moga,paddy,5,236.5,8.29,0.344,28.6,250.2,panicle_initiation,60,0.662,53.0,47.0,5.7,5.06,625,27.11
Moga,wheat,4,242.1,8.06,0.449,15.1,282.2,heading,95,0.633,47.7,52.3,4.48,4.91,500,18.58
Gurdaspur,paddy,4,274.1,6.97,0.369,10.3,246.2,panicle_initiation,46,0.742,43.0,57.0,3.7,4.9,500,26.5
Bathinda,paddy,2,206.9,8.71,0.39,29.1,156.1,panicle_initiation,51,0.639,49.7,50.3,2.14,2.16,250,28.27
Sangrur,wheat,10,254.1,7.55,0.43,43.4,224.5,heading,91,0.692,40.5,59.5,9.5,13.96,1250,18.84
Amritsar,paddy,5,176.6,8.15,0.522,43.0,312.0,grain_filling,106,0.616,44.7,55.3,4.81,5.94,625,27.81
Jalandhar,wheat,5,249.7,7.9,0.332,29.8,274.3,heading,89,0.767,44.7,55.3,5.24,6.49,625,17.61
Bathinda,wheat,1,165.0,8.6,0.382,13.3,205.7,germination,2,0.284,74.5,25.5,1.75,0.6,125,16.85
Moga,wheat,3,209.9,8.03,0.555,43.3,235.4,germination,17,0.299,47.5,52.5,3.34,3.7,375,20.79
Ludhiana,wheat,2,206.8,8.1,0.336,27.7,164.2,germination,4,0.155,64.8,35.2,3.04,1.65,250,19.05
Jalandhar,paddy,12,221.1,7.8,0.445,36.6,176.5,flowering,72,0.779,36.4,63.6,9.4,16.4,1500,28.54
Jalandhar,paddy,1,284.4,7.75,0.345,18.9,179.1,flowering,79,0.614,37.0,63.0,0.8,1.35,125,28.87
Patiala,wheat,3,285.7,6.86,0.604,37.1,190.5,heading,83,0.703,30.0,70.0,2.11,4.93,375,20.58
Bathinda,paddy,10,120.0,8.04,0.331,11.9,314.6,grain_filling,119,0.524,58.3,41.7,12.54,8.96,1250,26.27
Jalandhar,paddy,3,278.8,7.61,0.377,21.4,262.5,panicle_initiation,64,0.586,50.4,49.6,3.25,3.2,375,25.62
Ludhiana,wheat,3,238.0,7.9,0.307,19.4,223.5,germination,10,0.244,65.4,34.6,4.6,2.43,375,18.36
Gurdaspur,wheat,1,253.4,7.76,0.554,16.0,314.5,tillering,28,0.386,46.2,53.8,1.08,1.26,125,19.68
Kapurthala,paddy,2,280.6,7.33,0.54,16.8,189.1,flowering,85,0.631,36.2,63.8,1.56,2.74,250,30.21
Moga,wheat,2,198.7,7.73,0.427,23.6,301.3,germination,18,0.267,60.5,39.5,2.84,1.86,250,19.5
Amritsar,wheat,5,182.9,8.05,0.495,29.1,313.4,jointing,71,0.611,52.3,47.7,6.13,5.6,625,19.52
Patiala,paddy,4,201.7,7.86,0.633,33.7,245.0,tillering,39,0.538,44.4,55.6,3.82,4.78,500,27.62
Moga,paddy,3,271.6,8.2,0.274,33.6,130.4,seedling,11,0.187,67.7,32.3,4.37,2.08,375,25.65
Ludhiana,wheat,1,302.9,7.73,0.386,22.5,136.8,germination,18,0.252,48.5,51.5,1.14,1.21,125,18.0
Ludhiana,paddy,3,274.0,7.76,0.37,24.6,270.2,flowering,89,0.655,36.0,64.0,2.32,4.13,375,27.86
Sangrur,wheat,4,302.1,7.61,0.361,30.4,160.9,germination,11,0.161,60.1,39.9,5.64,3.74,500,19.1
Amritsar,wheat,4,241.9,8.36,0.431,12.7,135.1,heading,89,0.618,48.5,51.5,4.55,4.83,500,20.3
Bathinda,wheat,1,255.1,7.83,0.369,34.7,242.0,germination,3,0.187,67.5,32.5,1.58,0.76,125,17.59
Sangrur,paddy,10,165.9,7.85,0.5,23.1,130.1,seedling,0,0.2,64.1,35.9,13.79,7.72,1250,28.05
Kapurthala,wheat,1,277.6,7.23,0.498,44.2,140.4,tillering,47,0.437,52.9,47.1,1.24,1.1,125,18.65
Jalandhar,wheat,1,261.3,7.11,0.469,31.5,247.5,tillering,38,0.493,52.9,47.1,1.24,1.11,125,18.31
Jalandhar,wheat,4,194.8,7.36,0.367,18.7,132.5,grain_filling,118,0.597,43.3,56.7,4.06,5.32,500,18.69
Moga,paddy,5,267.7,8.11,0.559,29.0,160.1,tillering,21,0.521,44.7,55.3,4.81,5.95,625,28.03
Kapurthala,wheat,5,188.9,7.96,0.393,40.3,303.1,grain_filling,109,0.457,50.0,50.0,5.86,5.87,625,18.31
Sangrur,wheat,3,227.0,7.71,0.6,12.2,284.9,jointing,76,0.505,42.9,57.1,3.02,4.02,375,19.5
Sangrur,wheat,5,194.4,7.31,0.528,10.4,201.8,grain_filling,116,0.553,47.4,52.6,5.56,6.17,625,19.94
Patiala,wheat,7,210.5,7.17,0.437,28.0,227.1,grain_filling,129,0.521,42.0,58.0,6.9,9.53,875,19.3
Moga,paddy,4,200.7,7.59,0.427,42.9,295.3,grain_filling,119,0.517,37.8,62.2,3.25,5.35,500,27.01
Sangrur,paddy,3,288.8,7.38,0.448,24.5,122.7,seedling,12,0.21,50.7,49.3,3.27,3.18,375,28.68
Moga,wheat,5,258.7,8.15,0.435,37.6,179.4,germination,16,0.212,66.4,33.6,7.78,3.95,625,19.9
Amritsar,wheat,3,235.1,7.49,0.267,23.7,166.8,heading,88,0.797,43.6,56.4,3.07,3.97,375,19.59
Patiala,paddy,2,268.3,7.01,0.525,24.4,294.1,tillering,44,0.472,47.2,52.8,2.03,2.27,250,28.2
Moga,wheat,1,251.9,7.43,0.391,41.3,160.9,germination,6,0.213,68.9,31.1,1.62,0.73,125,17.42
Bathinda,wheat,2,220.0,8.65,0.383,34.4,270.5,grain_filling,125,0.625,45.8,54.2,2.15,2.54,250,18.76
Moga,wheat,2,180.7,8.14,0.544,26.3,135.1,germination,7,0.152,62.0,38.0,2.91,1.78,250,19.43
Firozpur,paddy,2,139.3,8.18,0.241,23.1,280.8,flowering,75,0.664,53.2,46.8,2.29,2.01,250,26.62
Moga,wheat,3,220.0,8.0,0.474,34.8,121.7,jointing,52,0.646,48.8,51.2,3.44,3.6,375,20.51
Gurdaspur,paddy,2,234.6,7.5,0.492,22.3,255.5,flowering,82,0.603,37.6,62.4,1.62,2.68,250,29.01
Gurdaspur,wheat,4,229.7,7.07,0.405,31.2,206.6,tillering,24,0.521,49.6,50.4,4.66,4.73,500,19.35
Sangrur,wheat,4,247.4,7.2,0.492,40.2,293.7,tillering,32,0.499,48.9,51.1,4.59,4.8,500,18.69
Patiala,paddy,7,262.3,7.76,0.445,34.2,172.8,panicle_initiation,46,0.656,40.7,59.3,6.13,8.93,875,27.56
Jalandhar,paddy,2,168.8,8.03,0.543,26.2,316.7,flowering,70,0.75,41.4,58.6,1.78,2.52,250,27.61
Sangrur,wheat,3,288.1,7.27,0.478,11.4,253.4,germination,13,0.283,51.0,49.0,3.59,3.45,375,19.25
Ludhiana,paddy,3,189.4,7.11,0.65,21.4,269.6,grain_filling,100,0.451,34.7,65.3,2.24,4.21,375,28.47
Ludhiana,paddy,1,304.8,8.02,0.442,10.5,136.0,grain_filling,93,0.453,38.7,61.3,0.83,1.32,125,27.89
Jalandhar,wheat,15,277.2,7.84,0.46,31.9,292.9,tillering,39,0.466,50.9,49.1,17.93,17.26,1875,19.75
Kapurthala,wheat,3,241.0,7.68,0.559,23.3,194.3,heading,85,0.727,33.1,66.9,2.33,4.71,375,17.67
Sangrur,paddy,2,265.1,7.65,0.317,25.9,255.0,tillering,39,0.567,56.9,43.1,2.45,1.85,250,27.0
Gurdaspur,paddy,5,213.5,7.07,0.53,31.0,155.9,flowering,87,0.691,39.0,61.0,4.19,6.56,625,29.07
Jalandhar,paddy,4,163.5,7.31,0.425,25.9,257.1,panicle_initiation,58,0.581,50.2,49.8,4.31,4.29,500,26.84
Kapurthala,paddy,2,173.3,7.71,0.508,12.3,166.2,seedling,15,0.23,64.5,35.5,2.77,1.53,250,29.31
Firozpur,wheat,12,233.2,7.74,0.445,44.9,126.0,tillering,37,0.475,55.6,44.4,15.65,12.51,1500,18.4
Jalandhar,wheat,2,221.0,7.58,0.494,41.2,181.2,jointing,52,0.516,49.5,50.5,2.32,2.37,250,17.26
Sangrur,paddy,2,175.5,7.48,0.47,44.5,153.2,flowering,89,0.631,39.2,60.8,1.69,2.61,250,28.27
Firozpur,wheat,7,165.9,7.83,0.409,12.2,162.1,heading,98,0.669,39.2,60.8,6.45,9.98,875,19.18
Bathinda,wheat,3,229.3,7.89,0.278,10.1,154.8,germination,0,0.219,60.4,39.6,4.25,2.78,375,16.64
Gurdaspur,paddy,12,268.4,7.75,0.605,21.0,227.6,grain_filling,107,0.58,35.0,65.0,9.05,16.76,1500,27.72
Gurdaspur,wheat,12,242.6,7.82,0.439,40.1,201.4,heading,88,0.639,42.8,57.2,12.05,16.11,1500,18.3
Gurdaspur,wheat,7,296.7,7.34,0.64,42.6,268.3,jointing,56,0.529,39.7,60.3,6.52,9.9,875,19.82
Patiala,wheat,5,285.6,7.14,0.674,43.9,234.3,germination,5,0.206,47.8,52.2,5.61,6.12,625,19.82
Ludhiana,paddy,4,260.3,7.41,0.646,10.9,170.5,grain_filling,116,0.539,39.0,61.0,3.36,5.25,500,29.09
Kapurthala,paddy,10,247.8,7.9,0.337,26.0,190.2,seedling,7,0.213,60.0,40.0,12.91,8.6,1250,26.41
Moga,wheat,7,263.2,7.97,0.461,36.6,222.6,grain_filling,118,0.53,42.2,57.8,6.93,9.49,875,17.61
Firozpur,wheat,15,223.8,7.96,0.437,14.3,245.3,germination,19,0.289,57.9,42.1,20.39,14.8,1875,19.11
Gurdaspur,wheat,2,240.2,7.75,0.622,16.6,304.5,heading,81,0.722,34.3,65.7,1.61,3.08,250,19.68
Ludhiana,wheat,4,257.9,8.03,0.592,42.5,193.2,grain_filling,113,0.615,36.8,63.2,3.46,5.93,500,20.9
Firozpur,wheat,7,264.6,8.2,0.481,19.3,242.3,jointing,74,0.57,47.3,52.7,7.77,8.65,875,19.26
Jalandhar,paddy,1,161.4,7.96,0.506,31.8,318.0,tillering,43,0.428,48.1,51.9,1.03,1.12,125,27.69
Amritsar,paddy,5,225.7,8.38,0.532,25.8,159.7,panicle_initiation,54,0.598,45.4,54.6,4.88,5.88,625,26.99
Gurdaspur,paddy,7,201.5,6.91,0.34,41.7,249.5,tillering,34,0.558,48.2,51.8,7.25,7.81,875,28.4
Amritsar,paddy,3,199.9,8.11,0.339,20.5,141.4,seedling,1,0.174,70.7,29.3,4.56,1.89,375,26.51
Sangrur,wheat,3,233.0,7.13,0.518,43.2,147.4,germination,20,0.238,59.8,40.2,4.21,2.83,375,19.4
Moga,paddy,1,285.4,8.1,0.446,33.0,299.7,tillering,25,0.425,47.4,52.6,1.02,1.13,125,27.91
Bathinda,wheat,5,130.6,7.97,0.223,30.5,165.3,jointing,66,0.672,66.0,34.0,7.74,3.99,625,19.51
Moga,wheat,3,234.5,7.53,0.561,38.7,316.7,germination,6,0.295,49.7,50.3,3.5,3.54,375,19.38
Jalandhar,wheat,5,233.3,7.36,0.597,30.1,147.6,tillering,42,0.53,45.5,54.5,5.34,6.39,625,19.84
Ludhiana,wheat,3,209.3,7.1,0.463,26.9,288.2,grain_filling,115,0.615,36.4,63.6,2.56,4.48,375,18.99
Patiala,wheat,5,265.1,6.89,0.497,31.1,307.4,tillering,40,0.4,47.4,52.6,5.56,6.17,625,19.37
Gurdaspur,paddy,3,184.6,7.36,0.358,31.4,307.7,flowering,68,0.615,36.4,63.6,2.35,4.1,375,28.72
Firozpur,wheat,2,191.3,8.48,0.489,25.5,270.0,tillering,34,0.406,58.4,41.6,2.74,1.95,250,17.1
Jalandhar,wheat,7,183.5,8.16,0.458,18.1,220.5,jointing,59,0.569,52.8,47.2,8.68,7.74,875,17.99
Moga,paddy,7,243.2,7.64,0.503,28.6,255.5,grain_filling,97,0.574,40.7,59.3,6.13,8.93,875,27.8
Sangrur,paddy,4,198.2,7.12,0.546,27.5,206.8,tillering,24,0.421,52.3,47.7,4.5,4.1,500,27.93
Patiala,paddy,5,269.8,7.64,0.464,18.2,162.2,panicle_initiation,46,0.63,46.2,53.8,4.97,5.78,625,27.53
Moga,wheat,10,215.3,7.53,0.331,12.3,297.4,grain_filling,115,0.549,45.6,54.4,10.71,12.75,1250,18.77
Firozpur,wheat,3,236.0,8.48,0.244,23.8,140.0,germination,13,0.174,69.9,30.1,4.92,2.12,375,18.21
Bathinda,paddy,1,256.5,7.68,0.258,40.4,305.3,tillering,33,0.362,47.3,52.7,1.02,1.13,125,28.05
Bathinda,paddy,1,252.5,8.52,0.278,18.7,259.5,flowering,78,0.713,45.2,54.8,0.97,1.18,125,27.23
Firozpur,paddy,2,182.5,8.06,0.234,24.9,286.5,seedling,14,0.179,69.7,30.3,3.0,1.3,250,26.05
Bathinda,wheat,4,149.6,8.48,0.213,27.2,208.4,jointing,65,0.587,65.8,34.2,6.17,3.21,500,17.51
Bathinda,paddy,4,141.5,7.69,0.267,22.6,201.7,tillering,20,0.54,64.2,35.8,5.53,3.08,500,26.54
Sangrur,wheat,2,289.1,7.99,0.395,18.0,202.3,heading,95,0.758,30.1,69.9,1.41,3.28,250,19.16
Bathinda,wheat,15,223.3,7.97,0.368,19.5,136.2,tillering,29,0.381,54.7,45.3,19.24,15.95,1875,19.96
Patiala,paddy,2,277.5,7.32,0.506,31.7,253.1,grain_filling,101,0.497,42.7,57.3,1.83,2.47,250,27.32
Amritsar,wheat,2,215.9,7.79,0.309,32.8,276.2,tillering,30,0.523,57.7,42.3,2.71,1.98,250,18.86
Patiala,paddy,3,253.2,7.52,0.589,30.1,205.8,flowering,90,0.604,34.5,65.5,2.23,4.22,375,29.05
Firozpur,paddy,2,160.6,7.47,0.257,31.2,289.9,panicle_initiation,54,0.749,44.2,55.8,1.9,2.4,250,29.15
Gurdaspur,wheat,2,176.9,6.99,0.405,11.0,246.3,germination,18,0.232,67.0,33.0,3.14,1.55,250,17.39
Amritsar,wheat,7,274.7,7.89,0.419,27.5,133.9,grain_filling,118,0.475,46.6,53.4,7.66,8.76,875,19.06
Jalandhar,paddy,10,203.1,8.11,0.477,30.3,170.7,grain_filling,117,0.464,41.6,58.4,8.94,12.56,1250,26.7
Moga,wheat,10,257.0,7.56,0.476,29.5,188.5,heading,97,0.766,36.7,63.3,8.61,14.85,1250,19.53
Jalandhar,paddy,1,200.4,7.46,0.565,10.5,184.5,flowering,84,0.63,39.0,61.0,0.84,1.31,125,28.98
Sangrur,paddy,3,303.4,7.25,0.425,26.8,147.6,panicle_initiation,52,0.747,40.2,59.8,2.59,3.86,375,28.37
Patiala,paddy,5,234.9,7.18,0.517,21.1,217.8,flowering,71,0.718,41.0,59.0,4.41,6.34,625,28.19
Bathinda,paddy,5,217.1,8.41,0.388,40.6,220.0,panicle_initiation,58,0.706,42.7,57.3,4.6,6.16,625,28.64
Bathinda,paddy,1,152.6,7.79,0.338,28.3,176.5,panicle_initiation,58,0.658,55.5,44.5,1.19,0.96,125,29.62
Kapurthala,wheat,12,290.6,7.63,0.374,24.0,239.7,germination,9,0.173,51.7,48.3,14.55,13.6,1500,19.11
Firozpur,wheat,5,257.1,8.6,0.416,37.0,187.5,jointing,71,0.617,51.5,48.5,6.04,5.69,625,20.0
Jalandhar,paddy,4,215.4,8.01,0.425,24.4,306.9,grain_filling,113,0.504,47.2,52.8,4.06,4.54,500,26.58
Patiala,wheat,10,193.2,6.87,0.525,13.7,142.8,heading,93,0.623,39.6,60.4,9.29,14.17,1250,19.22
Bathinda,wheat,3,210.8,7.58,0.403,42.9,249.8,tillering,37,0.38,56.4,43.6,3.97,3.07,375,19.95
Sangrur,paddy,4,206.6,7.18,0.516,11.3,244.0,tillering,19,0.477,50.6,49.4,4.36,4.25,500,28.82
Firozpur,paddy,7,205.6,7.5,0.378,41.8,199.3,flowering,81,0.712,41.1,58.9,6.19,8.86,875,26.57
Moga,paddy,5,260.7,7.85,0.527,12.8,215.4,flowering,77,0.766,37.6,62.4,4.04,6.71,625,28.72
Ludhiana,wheat,15,318.3,7.39,0.438,31.1,280.3,jointing,55,0.593,43.2,56.8,15.2,19.99,1875,18.61
Moga,paddy,1,167.1,8.1,0.357,14.6,208.0,flowering,72,0.676,47.5,52.5,1.02,1.13,125,27.97
Sangrur,wheat,4,227.0,7.05,0.563,38.9,237.6,germination,1,0.27,52.3,47.7,4.91,4.47,500,20.38
Gurdaspur,wheat,1,177.0,7.17,0.606,15.8,203.0,jointing,73,0.605,47.3,52.7,1.11,1.24,125,20.64
Bathinda,paddy,2,193.3,7.79,0.367,12.8,208.4,panicle_initiation,64,0.698,44.0,56.0,1.89,2.41,250,28.94
Sangrur,wheat,4,232.7,7.42,0.569,15.1,221.1,grain_filling,103,0.464,42.0,58.0,3.95,5.44,500,19.64
Bathinda,wheat,7,133.7,7.56,0.246,28.9,249.1,germination,9,0.292,68.6,31.4,11.27,5.15,875,18.14
Gurdaspur,wheat,10,192.3,7.47,0.401,22.5,317.9,grain_filling,111,0.459,46.2,53.8,10.84,12.62,1250,18.1
Gurdaspur,wheat,1,221.4,7.74,0.457,32.9,235.9,heading,94,0.798,39.2,60.8,0.92,1.43,125,19.69
Firozpur,wheat,3,185.0,7.68,0.247,16.3,279.5,tillering,30,0.459,59.3,40.7,4.17,2.86,375,17.45
Patiala,paddy,2,203.7,7.85,0.641,17.9,199.9,panicle_initiation,56,0.746,36.2,63.8,1.56,2.74,250,29.66
Moga,wheat,5,257.4,7.61,0.432,12.4,156.2,grain_filling,126,0.628,47.9,52.1,5.62,6.11,625,18.94
Moga,paddy,15,163.3,7.9,0.508,44.8,122.2,grain_filling,116,0.604,41.3,58.7,13.31,18.95,1875,27.86
Moga,wheat,4,213.6,7.59,0.454,30.1,152.3,germination,6,0.233,63.0,37.0,5.92,3.47,500,17.85
Firozpur,wheat,4,196.2,7.45,0.416,21.6,268.9,germination,20,0.26,55.7,44.3,5.22,4.16,500,18.47
Bathinda,paddy,3,128.5,8.4,0.246,21.2,203.1,panicle_initiation,51,0.568,61.0,39.0,3.93,2.52,375,27.09
Patiala,paddy,4,247.1,7.29,0.532,41.4,159.3,grain_filling,107,0.596,40.7,59.3,3.5,5.1,500,28.72
Patiala,paddy,3,255.6,7.15,0.44,21.5,152.9,flowering,73,0.649,46.4,53.6,2.99,3.46,375,28.87
Kapurthala,wheat,3,276.4,7.21,0.514,37.0,263.0,tillering,48,0.353,47.2,52.8,3.32,3.71,375,20.68
Firozpur,paddy,10,241.8,8.52,0.226,15.4,297.2,grain_filling,110,0.587,49.5,50.5,10.65,10.86,1250,27.54
Gurdaspur,paddy,4,181.9,7.15,0.616,19.0,164.1,grain_filling,100,0.596,34.6,65.4,2.98,5.63,500,28.55
Firozpur,wheat,3,201.7,8.22,0.481,31.7,280.8,grain_filling,123,0.527,44.7,55.3,3.14,3.89,375,17.78
Moga,wheat,4,249.0,8.0,0.448,17.2,220.9,tillering,23,0.435,51.5,48.5,4.83,4.55,500,19.11
Patiala,wheat,5,299.0,7.77,0.639,37.8,184.7,jointing,73,0.531,38.4,61.6,4.51,7.22,625,20.05
Ludhiana,wheat,7,248.1,7.13,0.387,21.1,281.8,tillering,37,0.41,53.2,46.8,8.74,7.68,875,18.94
Gurdaspur,paddy,1,188.7,7.84,0.428,11.9,253.9,panicle_initiation,64,0.611,46.5,53.5,1.0,1.15,125,27.71
Sangrur,paddy,5,270.3,7.89,0.603,21.0,291.7,seedling,12,0.242,50.6,49.4,5.44,5.32,625,28.66
Patiala,wheat,4,177.5,7.66,0.516,39.7,196.7,germination,10,0.251,63.4,36.6,5.95,3.44,500,18.02
Ludhiana,wheat,7,296.0,8.0,0.548,13.7,287.8,grain_filling,129,0.523,36.3,63.7,5.96,10.46,875,20.27
Amritsar,wheat,2,195.7,7.29,0.355,40.2,166.6,jointing,80,0.707,46.4,53.6,2.18,2.51,250,20.38
Jalandhar,wheat,4,296.6,7.54,0.394,22.0,224.1,grain_filling,123,0.551,35.5,64.5,3.33,6.06,500,18.91
Gurdaspur,paddy,2,233.1,7.36,0.579,16.8,284.1,tillering,32,0.382,48.7,51.3,2.09,2.21,250,28.64
Ludhiana,paddy,1,240.9,8.1,0.421,11.9,160.8,grain_filling,100,0.487,41.9,58.1,0.9,1.25,125,27.42
Sangrur,paddy,5,287.7,7.8,0.374,34.7,181.5,grain_filling,108,0.462,33.1,66.9,3.56,7.2,625,27.83
Moga,wheat,3,294.2,7.46,0.287,16.6,127.8,grain_filling,124,0.61,44.7,55.3,3.15,3.89,375,19.32
Kapurthala,paddy,2,268.2,7.81,0.3,28.7,127.5,tillering,25,0.479,54.0,46.0,2.32,1.98,250,27.2
Ludhiana,paddy,10,193.6,7.85,0.421,10.2,200.7,panicle_initiation,64,0.554,45.0,55.0,9.67,11.83,1250,27.13
Sangrur,paddy,2,205.8,7.46,0.421,40.7,301.1,grain_filling,109,0.506,38.8,61.2,1.67,2.63,250,26.15
Moga,wheat,7,264.6,7.33,0.467,14.3,134.1,jointing,68,0.542,47.6,52.4,7.81,8.61,875,18.57
Patiala,wheat,4,273.3,6.97,0.504,26.9,162.5,heading,81,0.767,39.2,60.8,3.67,5.71,500,20.49
Amritsar,wheat,5,205.1,7.85,0.298,34.2,153.5,grain_filling,117,0.551,47.4,52.6,5.56,6.17,625,19.54
Sangrur,wheat,12,221.2,7.87,0.371,16.5,310.2,grain_filling,107,0.502,46.7,53.3,13.15,15.0,1500,19.35
Moga,wheat,4,287.7,7.36,0.507,13.8,316.3,grain_filling,126,0.604,33.6,66.4,3.16,6.23,500,22.28
Gurdaspur,paddy,2,299.2,7.59,0.587,12.4,187.0,flowering,71,0.671,33.7,66.3,1.45,2.85,250,29.41
Ludhiana,wheat,3,315.5,7.79,0.498,42.7,237.3,jointing,78,0.545,42.4,57.6,2.99,4.05,375,19.39
Jalandhar,wheat,3,217.8,7.34,0.412,12.5,235.2,jointing,60,0.66,43.7,56.3,3.08,3.96,375,19.48
Ludhiana,wheat,12,307.5,7.01,0.469,14.3,181.5,germination,16,0.174,57.0,43.0,16.04,12.11,1500,18.35
Bathinda,wheat,10,159.5,7.61,0.419,35.5,180.3,grain_filling,118,0.49,55.0,45.0,12.91,10.55,1250,18.55
Gurdaspur,wheat,4,244.9,7.14,0.608,13.0,217.5,tillering,46,0.402,45.7,54.3,4.29,5.1,500,19.87
Ludhiana,paddy,5,259.7,7.91,0.584,22.0,206.7,tillering,18,0.577,38.0,62.0,4.09,6.67,625,28.84
Jalandhar,paddy,3,278.3,7.57,0.296,24.1,254.8,tillering,23,0.522,49.6,50.4,3.2,3.25,375,27.39
Gurdaspur,wheat,3,190.8,7.56,0.48,10.9,196.1,jointing,70,0.617,54.7,45.3,3.85,3.19,375,19.66
Ludhiana,paddy,1,253.5,7.85,0.388,25.6,144.7,flowering,81,0.6,42.9,57.1,0.92,1.23,125,28.17
Amritsar,wheat,4,251.9,7.92,0.469,36.9,315.1,jointing,52,0.706,41.0,59.0,3.85,5.54,500,19.29
Amritsar,wheat,3,264.2,7.92,0.368,26.6,290.9,heading,91,0.617,38.5,61.5,2.71,4.33,375,20.04
Patiala,wheat,4,268.9,7.44,0.572,16.9,162.3,grain_filling,108,0.514,40.2,59.8,3.78,5.61,500,20.2
Patiala,wheat,5,207.1,7.64,0.418,13.2,226.4,tillering,46,0.37,51.8,48.2,6.07,5.66,625,19.6
Moga,paddy,4,178.3,7.62,0.461,43.9,265.5,tillering,27,0.525,54.7,45.3,4.71,3.9,500,26.16
Gurdaspur,paddy,1,243.6,7.48,0.43,28.2,159.5,flowering,81,0.637,45.8,54.2,0.98,1.17,125,27.18
Sangrur,paddy,7,277.7,7.15,0.322,41.3,197.6,seedling,0,0.244,60.8,39.2,9.15,5.91,875,27.65
Kapurthala,paddy,2,161.7,7.66,0.52,27.0,137.1,grain_filling,114,0.481,40.4,59.6,1.74,2.56,250,25.89
Amritsar,wheat,4,164.9,8.2,0.322,16.8,221.0,heading,90,0.612,53.5,46.5,5.02,4.36,500,19.13
Amritsar,wheat,1,205.1,7.94,0.508,22.1,250.8,grain_filling,130,0.523,48.8,51.2,1.14,1.2,125,20.14
Jalandhar,paddy,2,255.9,7.45,0.344,19.3,154.0,flowering,89,0.684,43.5,56.5,1.87,2.43,250,26.78
Kapurthala,wheat,12,195.0,7.41,0.554,29.6,222.9,heading,82,0.603,44.1,55.9,12.42,15.73,1500,18.99
Amritsar,wheat,4,205.2,8.22,0.354,11.2,269.2,germination,14,0.282,58.8,41.2,5.51,3.87,500,19.15
Bathinda,wheat,2,238.3,8.12,0.367,24.1,179.6,heading,86,0.695,42.7,57.3,2.0,2.69,250,19.39
Bathinda,wheat,7,140.7,8.78,0.252,14.6,160.7,grain_filling,104,0.618,53.5,46.5,8.78,7.64,875,18.58
Ludhiana,wheat,3,255.4,8.1,0.436,39.0,146.7,tillering,33,0.439,59.8,40.2,4.21,2.83,375,17.64
Moga,paddy,2,262.1,8.22,0.333,37.9,267.7,grain_filling,119,0.516,51.1,48.9,2.2,2.11,250,27.71
Gurdaspur,wheat,3,208.5,7.59,0.531,39.8,268.2,germination,1,0.263,52.7,47.3,3.71,3.33,375,21.19
Kapurthala,paddy,5,192.3,7.35,0.404,33.2,143.6,panicle_initiation,48,0.665,50.9,49.1,5.47,5.28,625,26.5
Moga,wheat,10,251.8,7.93,0.282,22.9,315.8,jointing,61,0.61,52.9,47.1,12.4,11.06,1250,20.61
Jalandhar,paddy,2,201.3,7.67,0.522,34.1,292.7,tillering,38,0.448,49.1,50.9,2.11,2.19,250,28.34
Sangrur,paddy,2,172.6,8.07,0.464,20.2,213.9,grain_filling,109,0.502,45.8,54.2,1.97,2.33,250,26.42
Jalandhar,paddy,1,188.2,7.11,0.304,23.2,284.1,tillering,25,0.426,51.1,48.9,1.1,1.05,125,26.74
Patiala,wheat,2,187.5,7.95,0.573,36.8,135.8,germination,4,0.153,61.0,39.0,2.86,1.83,250,19.39
Patiala,paddy,10,171.5,7.71,0.663,25.1,227.1,tillering,27,0.44,47.1,52.9,10.13,11.38,1250,28.59
Bathinda,paddy,3,128.0,8.71,0.213,29.2,298.1,grain_filling,114,0.53,64.1,35.9,4.13,2.32,375,28.31
Kapurthala,paddy,3,171.6,7.19,0.426,27.9,171.8,flowering,77,0.617,45.4,54.6,2.93,3.52,375,26.31
Moga,paddy,1,242.5,8.23,0.481,30.0,242.0,panicle_initiation,65,0.708,50.8,49.2,1.09,1.06,125,28.08
Patiala,paddy,7,309.4,7.15,0.538,28.7,201.1,grain_filling,94,0.616,41.5,58.5,6.25,8.8,875,29.27
Gurdaspur,wheat,10,189.5,7.22,0.35,33.4,146.7,jointing,53,0.503,55.8,44.2,13.09,10.37,1250,18.36
Patiala,paddy,3,217.9,7.77,0.433,17.9,220.9,panicle_initiation,52,0.652,46.2,53.8,2.98,3.47,375,28.18
Amritsar,paddy,2,272.2,7.49,0.385,42.4,252.0,flowering,83,0.626,44.9,55.1,1.93,2.37,250,28.29
Firozpur,paddy,4,264.1,7.7,0.317,41.3,313.3,seedling,11,0.192,58.6,41.4,5.04,3.56,500,27.74
Jalandhar,wheat,1,174.9,8.09,0.324,36.2,129.6,tillering,25,0.492,60.3,39.7,1.41,0.93,125,19.78
Amritsar,wheat,1,230.7,8.38,0.322,33.8,263.2,heading,87,0.735,48.5,51.5,1.14,1.21,125,19.78
Amritsar,paddy,2,154.2,8.21,0.388,17.6,146.8,tillering,34,0.367,58.6,41.4,2.52,1.78,250,25.78
Firozpur,paddy,2,142.5,8.26,0.296,36.6,264.5,seedling,10,0.216,65.7,34.3,2.83,1.48,250,25.28
Bathinda,wheat,2,164.4,7.85,0.326,37.2,291.7,grain_filling,127,0.579,49.9,50.1,2.34,2.35,250,17.48
Amritsar,wheat,15,207.3,7.6,0.458,36.8,180.8,jointing,53,0.68,51.4,48.6,18.1,17.1,1875,21.3
Kapurthala,wheat,4,265.3,7.68,0.375,26.6,186.8,jointing,80,0.696,49.0,51.0,4.6,4.79,500,21.12
Firozpur,wheat,4,192.9,7.76,0.48,14.4,250.5,tillering,38,0.439,53.8,46.2,5.05,4.34,500,17.03
Sangrur,paddy,4,179.9,7.85,0.559,36.9,142.8,flowering,82,0.767,33.2,66.8,2.86,5.75,500,30.21
Bathinda,wheat,5,209.5,7.61,0.309,20.2,229.1,tillering,47,0.488,47.9,52.1,5.62,6.11,625,20.13
Bathinda,paddy,2,241.5,8.58,0.357,12.6,142.5,panicle_initiation,52,0.577,52.7,47.3,2.27,2.03,250,26.88
Amritsar,paddy,3,213.5,7.81,0.422,42.6,291.6,tillering,34,0.45,51.4,48.6,3.32,3.14,375,28.05
Ludhiana,paddy,7,190.5,7.27,0.443,22.2,124.3,flowering,76,0.736,48.9,51.1,7.36,7.69,875,28.66
Moga,paddy,3,260.3,7.85,0.336,13.4,132.8,grain_filling,100,0.459,47.3,52.7,3.05,3.4,375,26.96
Kapurthala,wheat,5,215.7,8.12,0.395,42.0,316.2,grain_filling,114,0.613,40.8,59.2,4.79,6.94,625,20.18
Kapurthala,wheat,3,177.5,7.79,0.302,30.9,293.9,grain_filling,124,0.647,49.2,50.8,3.46,3.58,375,19.79
Kapurthala,wheat,7,219.0,8.01,0.562,18.5,230.1,grain_filling,108,0.632,38.4,61.6,6.3,10.12,875,21.24
Gurdaspur,wheat,12,256.6,7.65,0.569,35.5,293.9,grain_filling,122,0.53,36.1,63.9,10.16,17.99,1500,19.29
Sangrur,wheat,2,245.2,7.9,0.405,22.2,239.3,grain_filling,126,0.538,45.5,54.5,2.14,2.56,250,19.13
Bathinda,paddy,4,216.5,7.87,0.373,20.7,271.8,panicle_initiation,46,0.565,42.1,57.9,3.62,4.98,500,26.05
Sangrur,paddy,2,251.6,7.86,0.525,39.2,131.2,grain_filling,110,0.595,35.8,64.2,1.54,2.76,250,28.84
Ludhiana,wheat,2,313.6,7.25,0.576,37.1,163.5,heading,93,0.783,31.3,68.7,1.47,3.23,250,19.78
Jalandhar,paddy,3,180.5,7.88,0.355,15.5,256.7,panicle_initiation,46,0.701,39.5,60.5,2.55,3.9,375,26.84
Kapurthala,wheat,2,297.8,8.09,0.307,39.2,211.6,heading,87,0.776,34.0,66.0,1.6,3.1,250,20.09
Jalandhar,wheat,5,292.4,7.91,0.377,16.6,180.7,heading,96,0.685,32.6,67.4,3.82,7.91,625,19.87
Bathinda,wheat,1,132.1,7.81,0.241,14.4,193.2,tillering,41,0.394,66.2,33.8,1.55,0.79,125,17.45
Patiala,paddy,10,308.8,7.0,0.592,33.6,316.0,panicle_initiation,52,0.576,32.3,67.7,6.94,14.56,1250,27.51
Bathinda,paddy,12,182.8,8.14,0.254,12.7,234.7,tillering,25,0.453,56.6,43.4,14.6,11.21,1500,28.83
Amritsar,wheat,4,277.7,7.96,0.466,19.0,263.9,grain_filling,115,0.525,44.8,55.2,4.21,5.18,500,18.26
Patiala,wheat,2,253.4,6.93,0.356,41.8,173.9,tillering,36,0.55,54.6,45.4,2.56,2.13,250,17.52
Jalandhar,paddy,2,230.4,8.05,0.323,44.2,312.9,seedling,13,0.218,62.0,38.0,2.67,1.63,250,27.49
Gurdaspur,wheat,1,312.4,7.59,0.457,15.8,317.2,germination,1,0.161,55.6,44.4,1.31,1.04,125,18.21
Amritsar,wheat,1,192.8,7.78,0.269,31.4,316.7,germination,1,0.246,68.6,31.4,1.61,0.74,125,16.58
Patiala,wheat,4,284.2,7.32,0.629,30.8,297.3,germination,3,0.241,46.7,53.3,4.38,5.0,500,19.8
Firozpur,wheat,2,220.1,7.73,0.346,22.1,154.6,tillering,45,0.542,57.8,42.2,2.71,1.98,250,19.49
Firozpur,paddy,2,262.4,8.16,0.342,28.4,159.9,grain_filling,97,0.577,43.9,56.1,1.89,2.41,250,27.48
Moga,wheat,1,179.9,7.59,0.406,12.4,235.6,grain_filling,122,0.598,43.0,57.0,1.01,1.34,125,18.55
Amritsar,wheat,10,237.8,7.63,0.549,26.8,217.2,tillering,37,0.524,54.4,45.6,12.76,10.7,1250,20.67
Ludhiana,wheat,2,214.4,8.1,0.417,43.3,226.6,jointing,64,0.619,47.6,52.4,2.23,2.46,250,19.1
Bathinda,wheat,4,228.9,7.79,0.241,24.2,305.3,jointing,76,0.592,51.3,48.7,4.81,4.57,500,19.27
Ludhiana,paddy,1,240.2,7.37,0.637,43.8,177.9,flowering,70,0.795,30.0,70.0,0.65,1.51,125,27.9
Gurdaspur,wheat,1,209.8,7.99,0.448,35.6,256.9,grain_filling,103,0.577,39.6,60.4,0.93,1.42,125,18.28
Patiala,wheat,4,171.0,7.62,0.639,15.1,151.9,germination,15,0.157,56.0,44.0,5.26,4.13,500,18.34
Moga,wheat,5,171.2,8.13,0.313,28.2,127.4,heading,93,0.734,43.6,56.4,5.11,6.62,625,18.79
Moga,paddy,12,183.1,8.09,0.534,20.1,310.5,panicle_initiation,62,0.625,49.0,51.0,12.64,13.17,1500,27.57
Patiala,paddy,12,176.2,6.97,0.355,29.8,306.5,grain_filling,111,0.508,45.8,54.2,11.83,13.97,1500,27.43
Sangrur,paddy,2,182.6,7.84,0.367,21.3,283.8,seedling,2,0.262,54.7,45.3,2.35,1.95,250,27.16
Patiala,wheat,3,180.2,7.55,0.439,38.1,283.6,grain_filling,120,0.55,43.3,56.7,3.05,3.99,375,18.81
Amritsar,paddy,1,264.1,7.51,0.339,10.0,312.6,flowering,74,0.62,44.3,55.7,0.95,1.2,125,27.89
Amritsar,paddy,1,163.5,7.53,0.346,36.7,280.4,tillering,22,0.446,54.8,45.2,1.18,0.97,125,25.57
Kapurthala,paddy,4,266.2,7.13,0.447,38.5,307.2,seedling,10,0.274,57.2,42.8,4.92,3.68,500,26.74
Moga,wheat,2,267.8,7.57,0.287,29.4,237.6,grain_filling,122,0.565,44.8,55.2,2.1,2.59,250,19.66
Jalandhar,paddy,7,297.0,8.03,0.314,37.2,154.1,seedling,15,0.24,56.6,43.4,8.52,6.53,875,27.31
Patiala,wheat,5,305.2,7.25,0.44,18.5,211.6,heading,82,0.615,35.8,64.2,4.2,7.53,625,18.52
Moga,wheat,7,233.9,7.43,0.5,11.8,290.5,tillering,42,0.387,48.1,51.9,7.9,8.53,875,19.26
Kapurthala,wheat,1,232.7,7.28,0.328,14.3,236.7,jointing,75,0.571,41.9,58.1,0.98,1.36,125,18.16
Firozpur,wheat,5,224.1,7.46,0.252,10.1,319.9,germination,15,0.24,64.7,35.3,7.58,4.15,625,17.74
Bathinda,wheat,7,243.2,7.75,0.278,31.7,247.7,tillering,26,0.477,48.5,51.5,7.96,8.46,875,18.08
Firozpur,paddy,4,239.6,7.6,0.363,27.1,245.0,panicle_initiation,56,0.666,48.6,51.4,4.18,4.42,500,28.56
Patiala,paddy,2,239.1,7.91,0.356,35.5,297.7,flowering,79,0.69,45.8,54.2,1.97,2.33,250,28.49
Amritsar,wheat,2,237.6,7.27,0.501,27.9,225.4,jointing,62,0.538,52.6,47.4,2.47,2.22,250,18.15
Ludhiana,wheat,2,195.4,7.47,0.384,10.5,192.0,jointing,68,0.52,53.2,46.8,2.49,2.2,250,19.28
Kapurthala,wheat,3,292.7,7.31,0.395,24.1,130.2,tillering,42,0.375,49.6,50.4,3.49,3.55,375,18.47
Ludhiana,wheat,2,252.8,7.68,0.305,37.3,192.3,heading,87,0.673,42.3,57.7,1.99,2.71,250,19.54
Jalandhar,wheat,4,209.7,7.7,0.438,10.1,220.2,tillering,46,0.519,54.7,45.3,5.13,4.25,500,18.79
Moga,paddy,1,185.2,7.44,0.496,27.5,203.0,seedling,15,0.174,62.4,37.6,1.34,0.81,125,26.3
Moga,wheat,2,202.2,7.22,0.394,29.2,243.9,grain_filling,127,0.617,42.0,58.0,1.97,2.72,250,20.28
Sangrur,paddy,12,212.7,7.99,0.601,33.5,252.9,grain_filling,91,0.592,36.7,63.3,9.48,16.33,1500,29.04
Ludhiana,paddy,7,207.3,7.99,0.497,36.7,262.7,seedling,13,0.224,60.4,39.6,9.1,5.96,875,26.94
Amritsar,wheat,5,254.2,8.36,0.465,44.7,259.7,jointing,78,0.648,49.7,50.3,5.84,5.89,625,19.28
Firozpur,wheat,3,218.4,7.6,0.378,27.6,122.7,tillering,35,0.512,58.1,41.9,4.09,2.95,375,18.73
Gurdaspur,wheat,1,202.2,7.52,0.424,13.0,257.0,jointing,75,0.579,43.2,56.8,1.01,1.33,125,16.87
Gurdaspur,paddy,1,232.2,7.41,0.337,11.3,263.4,flowering,72,0.684,42.3,57.7,0.91,1.24,125,27.0
Sangrur,wheat,2,205.1,7.27,0.506,32.8,284.9,heading,100,0.615,42.2,57.8,1.98,2.71,250,20.53
Moga,wheat,5,160.3,7.83,0.555,43.9,228.1,germination,1,0.292,53.8,46.2,6.31,5.42,625,18.91
Ludhiana,wheat,4,268.1,7.31,0.58,32.1,220.7,germination,19,0.287,52.3,47.7,4.91,4.48,500,18.51
Gurdaspur,wheat,2,278.8,7.81,0.639,41.1,240.1,heading,91,0.606,43.6,56.4,2.04,2.65,250,19.75
Patiala,paddy,3,207.3,7.8,0.499,32.7,265.5,seedling,13,0.168,62.5,37.5,4.03,2.42,375,27.16
Firozpur,wheat,3,250.0,8.22,0.467,17.1,294.7,germination,15,0.283,58.4,41.6,4.11,2.93,375,16.91
Gurdaspur,paddy,5,204.2,7.13,0.383,14.4,182.2,flowering,90,0.747,38.7,61.3,4.16,6.6,625,27.54
Jalandhar,wheat,12,196.7,7.62,0.33,43.2,273.4,tillering,40,0.494,58.1,41.9,16.36,11.79,1500,19.33
Sangrur,paddy,4,242.4,7.13,0.34,28.5,173.8,panicle_initiation,65,0.556,50.5,49.5,4.34,4.26,500,27.03
Firozpur,wheat,5,170.3,8.12,0.234,13.3,126.6,germination,2,0.185,75.0,25.0,8.8,2.93,625,17.9
Ludhiana,paddy,2,272.1,7.99,0.527,43.9,262.8,tillering,19,0.469,46.8,53.2,2.01,2.29,250,28.06
Patiala,paddy,2,220.4,7.29,0.69,13.9,173.7,flowering,81,0.767,31.2,68.8,1.34,2.96,250,28.11
Moga,wheat,4,185.5,8.26,0.31,23.0,125.2,tillering,37,0.543,60.3,39.7,5.66,3.73,500,18.29
Jalandhar,paddy,4,288.1,8.13,0.499,11.8,276.6,flowering,67,0.76,34.7,65.3,2.99,5.61,500,27.9
Amritsar,wheat,1,225.2,8.08,0.438,26.5,312.0,grain_filling,105,0.65,42.7,57.3,1.0,1.34,125,20.15
Bathinda,paddy,4,246.2,8.7,0.202,12.6,170.1,panicle_initiation,56,0.642,59.6,40.4,5.12,3.48,500,27.38
Bathinda,wheat,3,192.7,8.77,0.374,33.5,168.1,tillering,48,0.5,54.4,45.6,3.83,3.21,375,18.38
Patiala,paddy,2,269.8,7.24,0.369,36.4,311.0,grain_filling,107,0.505,38.6,61.4,1.66,2.64,250,27.2
Jalandhar,paddy,4,176.3,7.89,0.389,36.2,230.0,seedling,13,0.172,61.5,38.5,5.29,3.31,500,26.54
Firozpur,paddy,2,253.4,8.53,0.427,13.0,253.8,seedling,10,0.243,61.8,38.2,2.66,1.64,250,25.97
Firozpur,paddy,4,216.3,7.98,0.329,41.8,125.8,flowering,76,0.716,34.9,65.1,3.0,5.6,500,28.76
Gurdaspur,wheat,1,191.3,7.04,0.497,42.8,181.7,jointing,76,0.633,52.1,47.9,1.22,1.12,125,20.91
Gurdaspur,wheat,12,227.0,7.45,0.559,14.0,201.3,jointing,60,0.669,41.9,58.1,11.8,16.36,1500,20.15
Kapurthala,paddy,2,221.3,7.98,0.46,42.5,309.6,seedling,15,0.229,64.1,35.9,2.76,1.54,250,26.29
Patiala,paddy,2,267.6,6.91,0.524,19.2,264.9,seedling,1,0.206,52.9,47.1,2.28,2.03,250,26.89
Amritsar,wheat,3,208.5,7.5,0.346,14.7,179.2,tillering,44,0.438,56.4,43.6,3.97,3.07,375,18.73
Firozpur,wheat,7,260.6,7.87,0.442,19.8,249.3,heading,85,0.608,47.8,52.2,7.85,8.57,875,20.33
Firozpur,paddy,3,136.1,7.71,0.465,36.3,123.5,grain_filling,95,0.54,53.1,46.9,3.43,3.02,375,26.07
Patiala,wheat,4,280.6,7.06,0.587,38.1,232.4,tillering,39,0.422,36.4,63.6,3.42,5.96,500,19.27
Firozpur,paddy,10,183.1,7.76,0.349,38.6,306.0,grain_filling,109,0.562,45.4,54.6,9.76,11.75,1250,26.75
Sangrur,wheat,1,183.3,7.01,0.349,34.7,168.7,grain_filling,116,0.604,47.2,52.8,1.11,1.24,125,20.29
Ludhiana,paddy,3,290.1,7.02,0.492,40.0,214.8,flowering,83,0.602,35.3,64.7,2.28,4.17,375,27.55
Gurdaspur,wheat,5,299.4,7.39,0.367,36.7,278.0,jointing,75,0.688,41.5,58.5,4.87,6.86,625,20.59
Patiala,wheat,10,210.2,7.47,0.457,13.0,120.3,germination,8,0.177,58.8,41.2,13.8,9.66,1250,18.45
Ludhiana,wheat,2,203.0,7.34,0.577,41.7,315.0,heading,95,0.653,41.2,58.8,1.93,2.76,250,20.34
Sangrur,paddy,4,277.9,7.17,0.305,20.9,237.6,tillering,16,0.461,56.4,43.6,4.85,3.75,500,26.27
Kapurthala,paddy,5,291.8,8.03,0.465,24.4,186.6,flowering,66,0.621,33.4,66.6,3.59,7.16,625,27.37
Moga,wheat,5,168.7,7.78,0.288,13.9,163.9,jointing,79,0.595,52.5,47.5,6.16,5.57,625,19.77
Bathinda,paddy,4,145.2,7.63,0.214,33.3,281.5,tillering,20,0.363,65.4,34.6,5.63,2.97,500,27.5
Sangrur,wheat,12,237.8,8.07,0.609,17.5,282.2,tillering,30,0.375,51.3,48.7,14.44,13.71,1500,19.14
Bathinda,wheat,4,250.9,7.97,0.298,13.7,254.1,jointing,70,0.629,53.9,46.1,5.06,4.33,500,19.99
Gurdaspur,wheat,1,292.2,7.24,0.487,24.0,291.0,germination,18,0.267,53.3,46.7,1.25,1.1,125,17.82
Gurdaspur,paddy,3,263.7,6.98,0.62,43.5,135.5,seedling,3,0.189,54.9,45.1,3.54,2.91,375,27.0
Patiala,wheat,1,272.6,7.2,0.465,20.0,215.7,tillering,48,0.356,52.2,47.8,1.22,1.12,125,17.86
Kapurthala,wheat,7,291.1,7.13,0.551,26.9,251.9,germination,2,0.222,49.7,50.3,8.16,8.26,875,21.3
Kapurthala,wheat,3,272.2,7.64,0.439,33.8,291.8,jointing,53,0.668,50.6,49.4,3.56,3.48,375,18.79
Gurdaspur,wheat,10,233.2,7.98,0.386,17.5,178.4,jointing,70,0.583,44.0,56.0,10.31,13.15,1250,19.91
Bathinda,paddy,4,242.9,8.21,0.364,23.4,176.4,tillering,21,0.5,50.1,49.9,4.31,4.29,500,26.94
Bathinda,wheat,2,226.0,7.9,0.348,28.8,120.9,germination,16,0.282,57.0,43.0,2.67,2.02,250,19.1
Firozpur,wheat,3,195.5,8.47,0.4,24.5,178.6,jointing,67,0.617,53.4,46.6,3.76,3.28,375,19.64
Moga,paddy,2,205.7,7.93,0.416,17.0,240.3,seedling,5,0.188,54.4,45.6,2.34,1.96,250,26.0
Firozpur,wheat,7,157.2,8.04,0.482,39.2,288.5,grain_filling,123,0.458,52.0,48.0,8.54,7.89,875,18.21
Ludhiana,wheat,1,191.7,8.11,0.503,33.3,302.3,germination,6,0.243,67.3,32.7,1.58,0.77,125,19.05
Moga,paddy,2,209.2,7.58,0.529,13.5,255.2,grain_filling,93,0.453,46.6,53.4,2.01,2.29,250,28.63
Bathinda,wheat,4,246.4,7.6,0.424,18.0,268.0,tillering,39,0.509,50.3,49.7,4.72,4.67,500,18.49
Jalandhar,wheat,2,181.3,7.9,0.371,30.5,237.4,heading,91,0.767,47.1,52.9,2.21,2.48,250,17.45
Jalandhar,wheat,5,242.7,7.71,0.286,42.6,135.7,jointing,70,0.673,50.5,49.5,5.93,5.8,625,18.42
Bathinda,wheat,2,250.2,8.13,0.323,14.2,280.5,germination,15,0.152,72.0,28.0,3.38,1.31,250,17.39
Moga,wheat,4,209.3,7.47,0.557,28.3,122.7,heading,94,0.615,37.9,62.1,3.56,5.83,500,19.28
Ludhiana,paddy,5,283.4,7.4,0.568,25.1,216.8,flowering,84,0.604,30.0,70.0,3.23,7.53,625,29.31
Gurdaspur,paddy,5,242.5,7.73,0.469,11.5,181.9,grain_filling,120,0.593,39.6,60.4,4.25,6.5,625,25.42
Gurdaspur,wheat,3,298.4,7.36,0.558,42.1,201.6,grain_filling,120,0.608,30.0,70.0,2.11,4.93,375,20.32
Firozpur,wheat,10,253.1,7.89,0.355,12.5,175.6,tillering,31,0.5,55.9,44.1,13.12,10.34,1250,20.58
Moga,wheat,5,258.4,8.15,0.464,33.4,145.3,jointing,53,0.529,52.6,47.4,6.17,5.56,625,18.41
Patiala,paddy,2,294.8,7.41,0.377,20.7,251.1,flowering,86,0.778,31.2,68.8,1.34,2.96,250,28.79
Sangrur,wheat,3,246.3,7.8,0.431,32.0,259.9,germination,20,0.279,53.4,46.6,3.76,3.28,375,17.86
Patiala,wheat,2,275.0,6.92,0.517,44.7,274.1,heading,84,0.7,43.2,56.8,2.02,2.67,250,19.94
Jalandhar,wheat,4,289.1,7.81,0.402,27.6,241.0,jointing,77,0.607,43.4,56.6,4.07,5.32,500,19.43
Moga,wheat,10,186.4,7.71,0.352,35.7,247.2,tillering,26,0.373,53.3,46.7,12.5,10.96,1250,17.91
Moga,paddy,2,213.8,8.24,0.55,40.5,134.3,seedling,3,0.163,62.3,37.7,2.68,1.62,250,28.04
Kapurthala,paddy,2,296.1,8.03,0.324,43.2,204.7,seedling,12,0.249,57.1,42.9,2.46,1.84,250,28.18
Gurdaspur,paddy,7,296.6,7.63,0.463,38.7,301.1,flowering,83,0.739,30.9,69.1,4.65,10.4,875,27.14
Kapurthala,wheat,15,205.1,7.53,0.548,42.5,245.7,jointing,80,0.556,46.0,54.0,16.2,19.0,1875,20.37
Ludhiana,paddy,2,180.1,7.97,0.328,16.7,197.2,tillering,20,0.379,56.6,43.4,2.44,1.87,250,26.55
Bathinda,wheat,4,226.2,8.29,0.343,11.9,148.1,germination,4,0.181,60.7,39.3,5.7,3.69,500,18.79
Firozpur,paddy,3,231.1,7.49,0.25,27.2,152.1,tillering,18,0.386,61.2,38.8,3.95,2.51,375,25.92
Firozpur,paddy,1,171.0,7.85,0.408,12.5,171.3,panicle_initiation,63,0.708,46.1,53.9,0.99,1.16,125,28.21
Moga,wheat,3,248.6,8.27,0.458,14.2,184.1,germination,11,0.23,61.8,38.2,4.35,2.69,375,18.65
Sangrur,wheat,3,268.3,7.21,0.484,17.5,292.3,grain_filling,103,0.554,44.5,55.5,3.14,3.9,375,17.48
Jalandhar,wheat,4,257.1,7.69,0.444,19.4,211.0,grain_filling,111,0.605,42.7,57.3,4.0,5.38,500,18.88
Ludhiana,paddy,3,207.6,8.05,0.547,25.9,228.1,grain_filling,92,0.532,52.1,47.9,3.36,3.09,375,27.82
Amritsar,wheat,1,191.7,7.71,0.34,19.2,152.7,heading,93,0.718,41.3,58.7,0.97,1.38,125,19.09
Amritsar,paddy,4,231.2,7.94,0.335,41.3,124.8,grain_filling,106,0.588,42.3,57.7,3.64,4.96,500,26.9
Patiala,wheat,5,172.6,7.63,0.455,31.9,150.1,grain_filling,111,0.493,42.6,57.4,5.0,6.73,625,19.99
Moga,wheat,4,227.3,7.54,0.483,40.2,179.8,germination,11,0.167,57.0,43.0,5.35,4.03,500,18.31
Bathinda,wheat,2,197.6,8.19,0.384,11.9,297.6,tillering,21,0.442,56.5,43.5,2.65,2.04,250,18.67
Gurdaspur,wheat,2,192.8,7.6,0.345,14.7,249.0,jointing,73,0.623,51.5,48.5,2.42,2.27,250,19.56
Bathinda,paddy,3,184.2,8.38,0.324,13.3,178.1,panicle_initiation,46,0.742,49.6,50.4,3.2,3.25,375,27.89
Ludhiana,wheat,3,297.1,7.78,0.515,21.7,283.6,germination,15,0.21,54.5,45.5,3.84,3.2,375,20.85
Amritsar,wheat,7,251.6,7.3,0.465,18.7,295.5,grain_filling,124,0.57,41.3,58.7,6.78,9.64,875,17.79
Moga,paddy,2,275.6,7.29,0.292,39.8,162.6,flowering,69,0.767,40.5,59.5,1.74,2.56,250,26.95
Kapurthala,paddy,5,195.5,8.06,0.464,16.5,164.9,grain_filling,113,0.613,38.7,61.3,4.16,6.6,625,27.68
Kapurthala,wheat,5,270.2,7.07,0.405,27.7,232.1,tillering,34,0.508,54.2,45.8,6.36,5.37,625,18.12
Amritsar,wheat,7,161.9,7.34,0.317,27.5,288.1,grain_filling,107,0.489,48.4,51.6,7.95,8.47,875,19.17
Ludhiana,wheat,12,262.7,8.19,0.358,11.6,275.9,heading,100,0.741,46.2,53.8,13.01,15.15,1500,18.52
Firozpur,wheat,5,165.7,8.21,0.372,18.2,234.7,jointing,55,0.525,57.9,42.1,6.8,4.94,625,18.5
Firozpur,paddy,3,168.5,8.28,0.246,43.3,244.5,seedling,9,0.189,75.0,25.0,4.84,1.61,375,26.33
Ludhiana,paddy,1,235.2,7.0,0.342,28.7,255.0,tillering,44,0.47,54.3,45.7,1.17,0.98,125,26.68
Amritsar,paddy,3,274.2,8.17,0.362,18.1,267.0,panicle_initiation,63,0.707,46.3,53.7,2.99,3.46,375,28.25
Sangrur,paddy,10,249.4,7.33,0.584,39.4,214.6,flowering,81,0.61,33.1,66.9,7.12,14.39,1250,28.73
Patiala,paddy,4,241.9,7.58,0.661,25.4,300.2,panicle_initiation,49,0.558,43.8,56.2,3.77,4.83,500,28.11
Gurdaspur,wheat,1,211.8,7.08,0.547,28.0,160.0,germination,19,0.239,62.8,37.2,1.47,0.87,125,20.08
Ludhiana,wheat,3,195.4,7.87,0.355,39.7,265.2,grain_filling,105,0.55,47.6,52.4,3.35,3.69,375,17.43
Amritsar,paddy,10,208.1,8.12,0.302,21.3,314.9,tillering,39,0.468,49.4,50.6,10.63,10.87,1250,27.16
Ludhiana,wheat,4,311.3,7.64,0.515,26.9,138.7,tillering,31,0.384,47.6,52.4,4.47,4.92,500,21.34
Gurdaspur,wheat,15,298.5,7.54,0.362,26.2,289.0,heading,81,0.655,38.2,61.8,13.45,21.74,1875,20.82
Firozpur,wheat,2,134.3,8.07,0.433,28.8,288.2,grain_filling,113,0.523,51.7,48.3,2.43,2.27,250,18.42
Bathinda,wheat,4,217.3,7.68,0.36,11.9,201.5,germination,7,0.166,66.1,33.9,6.2,3.19,500,17.94
Patiala,wheat,5,243.8,6.97,0.35,38.4,137.5,grain_filling,121,0.553,38.5,61.5,4.51,7.22,625,18.72
Bathinda,wheat,2,232.8,8.79,0.294,25.6,129.3,grain_filling,102,0.634,54.0,46.0,2.53,2.16,250,19.12
Sangrur,wheat,7,269.8,7.29,0.582,41.2,159.3,grain_filling,123,0.637,37.1,62.9,6.09,10.34,875,20.59
Sangrur,wheat,5,179.4,7.79,0.461,34.8,169.8,grain_filling,126,0.496,51.0,49.0,5.99,5.74,625,19.06
Kapurthala,wheat,1,164.3,8.06,0.294,43.1,217.8,jointing,64,0.703,57.0,43.0,1.34,1.01,125,21.07
Ludhiana,wheat,2,271.3,7.87,0.3,42.8,152.9,heading,81,0.608,47.2,52.8,2.21,2.48,250,19.66
Patiala,wheat,5,228.1,7.54,0.518,26.1,192.5,jointing,78,0.637,48.6,51.4,5.7,6.03,625,19.8
Amritsar,wheat,1,207.7,8.07,0.385,40.0,308.8,grain_filling,112,0.562,42.9,57.1,1.01,1.34,125,17.44
Jalandhar,wheat,1,234.0,7.89,0.346,41.7,287.7,germination,2,0.216,67.9,32.1,1.59,0.75,125,18.24
Patiala,paddy,2,174.7,7.9,0.391,32.6,170.0,flowering,73,0.702,34.3,65.7,1.47,2.83,250,28.87
Firozpur,wheat,3,157.5,7.47,0.275,10.3,245.5,heading,92,0.639,54.9,45.1,3.86,3.18,375,20.79
Amritsar,wheat,7,181.4,7.67,0.375,36.1,138.8,heading,83,0.621,43.6,56.4,7.16,9.27,875,18.26
Bathinda,wheat,3,141.1,8.15,0.4,25.5,218.1,heading,87,0.741,50.6,49.4,3.56,3.48,375,19.04
Kapurthala,wheat,5,269.4,7.91,0.438,11.6,181.9,germination,14,0.271,54.6,45.4,6.4,5.33,625,19.81
Moga,wheat,2,189.3,7.95,0.308,14.0,202.2,germination,6,0.257,64.0,36.0,3.0,1.69,250,18.14
Bathinda,paddy,3,143.6,8.57,0.392,30.9,187.4,seedling,6,0.165,70.3,29.7,4.53,1.92,375,26.26
Sangrur,paddy,1,187.9,7.42,0.345,31.9,265.8,panicle_initiation,47,0.74,47.2,52.8,1.02,1.14,125,27.91
Patiala,paddy,3,297.9,7.86,0.7,18.5,272.7,flowering,89,0.626,30.0,70.0,1.94,4.52,375,28.62
Kapurthala,paddy,5,192.8,7.1,0.37,10.7,127.2,grain_filling,107,0.607,45.8,54.2,4.92,5.83,625,28.62
Bathinda,wheat,7,216.4,7.79,0.31,37.4,276.8,jointing,79,0.674,47.4,52.6,7.79,8.63,875,19.84
Amritsar,paddy,3,284.6,7.95,0.328,20.2,261.1,seedling,13,0.189,54.1,45.9,3.49,2.96,375,27.39
Jalandhar,wheat,5,257.1,7.15,0.549,25.7,247.3,jointing,62,0.649,55.0,45.0,6.45,5.28,625,19.88
Kapurthala,paddy,1,188.9,7.3,0.394,30.6,210.9,panicle_initiation,59,0.593,50.8,49.2,1.09,1.06,125,27.42
Amritsar,wheat,12,261.1,8.25,0.505,37.2,173.8,tillering,47,0.545,52.7,47.3,14.84,13.32,1500,20.95
Bathinda,paddy,3,124.4,8.63,0.235,14.5,155.1,flowering,78,0.755,58.5,41.5,3.77,2.68,375,26.92
Sangrur,paddy,3,253.4,7.28,0.604,15.9,313.1,seedling,1,0.213,60.4,39.6,3.9,2.55,375,26.76
Amritsar,wheat,10,250.2,7.28,0.349,19.9,231.0,heading,95,0.707,41.6,58.4,9.75,13.71,1250,19.67
Gurdaspur,paddy,3,300.0,7.39,0.495,24.6,290.1,flowering,87,0.773,32.1,67.9,2.07,4.38,375,27.91
Firozpur,paddy,1,141.6,7.63,0.343,30.5,283.2,tillering,27,0.439,62.3,37.7,1.34,0.81,125,28.01
Patiala,wheat,3,197.6,7.55,0.59,14.4,277.3,tillering,37,0.447,47.4,52.6,3.34,3.7,375,20.39
Patiala,wheat,7,244.2,7.15,0.57,14.1,251.0,germination,12,0.189,56.1,43.9,9.21,7.22,875,19.09
Amritsar,paddy,7,216.5,8.15,0.29,20.9,243.1,grain_filling,112,0.519,41.7,58.3,6.28,8.77,875,25.78
Kapurthala,wheat,2,293.1,7.03,0.384,42.2,184.2,germination,18,0.251,50.0,50.0,2.35,2.35,250,20.5
Amritsar,wheat,3,206.3,8.14,0.539,14.4,204.1,germination,16,0.206,63.4,36.6,4.46,2.58,375,19.24
Patiala,paddy,2,256.7,7.58,0.42,18.4,251.9,seedling,5,0.278,52.8,47.2,2.27,2.03,250,27.58
Patiala,wheat,2,217.7,7.99,0.533,17.2,187.0,heading,90,0.604,39.9,60.1,1.87,2.82,250,20.59
Kapurthala,wheat,2,204.3,7.81,0.38,30.2,133.2,jointing,53,0.705,49.2,50.8,2.31,2.38,250,18.91
Ludhiana,wheat,3,188.2,7.37,0.355,16.1,272.2,grain_filling,129,0.562,53.6,46.4,3.77,3.27,375,18.74
Kapurthala,paddy,3,261.7,8.11,0.539,15.7,169.8,seedling,9,0.222,61.7,38.3,3.98,2.47,375,27.2
Sangrur,wheat,2,208.9,7.58,0.404,13.9,208.6,grain_filling,127,0.632,45.6,54.4,2.14,2.55,250,18.28
Amritsar,wheat,2,196.6,8.0,0.315,30.7,302.6,heading,98,0.641,49.3,50.7,2.31,2.38,250,19.14
Firozpur,paddy,3,142.0,7.62,0.432,10.8,283.4,tillering,22,0.489,57.9,42.1,3.74,2.71,375,28.09
Kapurthala,paddy,1,250.9,7.2,0.3,14.9,241.8,tillering,28,0.402,55.5,44.5,1.19,0.96,125,27.48
Patiala,paddy,2,231.8,6.82,0.376,27.9,313.9,tillering,19,0.366,51.7,48.3,2.23,2.08,250,27.37
Patiala,paddy,5,267.8,7.05,0.357,26.8,222.7,grain_filling,102,0.55,43.5,56.5,4.68,6.08,625,28.01
Amritsar,paddy,2,270.4,8.33,0.529,23.3,135.7,tillering,27,0.364,50.4,49.6,2.17,2.13,250,27.16
Gurdaspur,wheat,4,184.1,7.81,0.362,41.6,292.8,grain_filling,114,0.475,42.3,57.7,3.97,5.41,500,17.91
Firozpur,wheat,1,194.8,8.34,0.45,29.4,156.0,tillering,41,0.526,58.9,41.1,1.38,0.97,125,18.81
Amritsar,paddy,3,266.2,7.26,0.506,29.2,159.5,panicle_initiation,56,0.728,41.8,58.2,2.69,3.76,375,29.61
Sangrur,paddy,5,263.5,7.72,0.61,40.2,209.8,panicle_initiation,46,0.645,43.4,56.6,4.67,6.08,625,30.63
Amritsar,wheat,7,173.9,7.47,0.423,24.8,223.0,grain_filling,124,0.583,44.8,55.2,7.36,9.06,875,17.14
Gurdaspur,wheat,3,308.9,7.74,0.64,36.1,155.1,jointing,54,0.63,39.3,60.7,2.77,4.27,375,20.8
Kapurthala,wheat,15,276.5,8.02,0.421,12.3,120.3,jointing,51,0.576,52.2,47.8,18.37,16.82,1875,19.11
Kapurthala,wheat,5,268.6,7.68,0.526,15.2,234.4,heading,95,0.684,44.7,55.3,5.25,6.48,625,19.44
Ludhiana,wheat,5,279.8,7.06,0.393,27.4,204.0,grain_filling,103,0.517,42.4,57.6,4.97,6.76,625,18.67
Bathinda,wheat,10,196.0,7.84,0.347,19.1,317.0,germination,15,0.192,71.1,28.9,16.68,6.78,1250,18.84
Gurdaspur,paddy,7,278.5,7.12,0.598,17.1,268.6,grain_filling,98,0.496,39.6,60.4,5.96,9.09,875,25.83
Patiala,wheat,5,200.8,7.14,0.505,16.0,294.7,grain_filling,130,0.467,45.1,54.9,5.29,6.44,625,19.6
Sangrur,wheat,2,180.5,7.46,0.401,11.2,147.3,grain_filling,109,0.496,46.1,53.9,2.16,2.53,250,18.71
Firozpur,paddy,4,251.4,7.75,0.313,24.9,147.9,seedling,8,0.263,59.1,40.9,5.08,3.52,500,27.14
Sangrur,wheat,5,267.7,7.0,0.491,42.1,177.6,grain_filling,119,0.58,38.6,61.4,4.53,7.2,625,19.43
Gurdaspur,wheat,3,211.9,7.29,0.374,27.1,278.8,grain_filling,106,0.472,44.9,55.1,3.16,3.88,375,20.01
Bathinda,paddy,2,208.9,8.68,0.205,29.5,277.5,seedling,9,0.192,69.8,30.2,3.0,1.3,250,27.56
Ludhiana,paddy,3,274.4,7.97,0.531,23.9,222.7,flowering,80,0.675,40.8,59.2,2.63,3.82,375,28.24
Bathinda,wheat,12,259.0,8.23,0.289,20.1,171.4,germination,20,0.213,69.1,30.9,19.45,8.7,1500,18.81
Moga,wheat,15,223.3,7.55,0.333,43.3,208.8,heading,82,0.656,42.4,57.6,14.91,20.29,1875,18.34
Bathinda,wheat,4,150.2,7.71,0.278,13.7,123.7,germination,1,0.264,64.7,35.3,6.07,3.31,500,18.86
Patiala,paddy,1,254.2,7.59,0.353,42.5,133.3,seedling,5,0.202,64.0,36.0,1.38,0.78,125,26.98
Kapurthala,paddy,3,228.3,7.76,0.315,27.1,151.0,seedling,14,0.193,64.6,35.4,4.17,2.28,375,27.13
Firozpur,paddy,4,236.3,8.01,0.4,13.6,288.9,flowering,90,0.797,40.3,59.7,3.47,5.13,500,28.19
Gurdaspur,paddy,4,214.7,7.66,0.542,17.8,127.0,grain_filling,104,0.588,40.0,60.0,3.44,5.16,500,28.54
Kapurthala,paddy,5,219.5,7.33,0.372,28.8,209.8,grain_filling,106,0.465,40.1,59.9,4.32,6.44,625,26.53
Patiala,paddy,3,239.9,6.93,0.504,26.8,299.4,tillering,31,0.569,49.4,50.6,3.19,3.26,375,27.18
Amritsar,paddy,4,282.6,7.36,0.399,17.5,132.0,tillering,34,0.513,42.5,57.5,3.66,4.94,500,27.87
Ludhiana,wheat,2,262.0,7.38,0.33,17.8,157.6,heading,90,0.732,42.0,58.0,1.97,2.72,250,19.05
Ludhiana,wheat,4,188.8,8.1,0.445,26.1,190.0,germination,0,0.189,66.1,33.9,6.2,3.18,500,19.8
Firozpur,paddy,10,200.9,8.26,0.453,36.0,289.3,seedling,11,0.24,55.0,45.0,11.84,9.67,1250,26.96
Bathinda,paddy,2,221.7,8.73,0.408,31.8,253.1,tillering,43,0.448,55.1,44.9,2.37,1.93,250,28.12
Jalandhar,wheat,3,297.5,7.57,0.306,13.1,238.2,heading,83,0.684,39.1,60.9,2.75,4.29,375,19.26
Gurdaspur,wheat,3,189.5,7.04,0.353,31.3,159.3,germination,13,0.275,57.4,42.6,4.04,2.99,375,17.47
Gurdaspur,wheat,1,278.1,7.02,0.586,18.9,169.8,jointing,72,0.515,45.8,54.2,1.07,1.27,125,18.15
Bathinda,paddy,5,188.7,7.55,0.334,34.7,187.8,grain_filling,99,0.497,51.3,48.7,5.52,5.24,625,26.58
Jalandhar,wheat,10,252.2,7.78,0.431,27.4,266.4,grain_filling,103,0.584,40.5,59.5,9.5,13.96,1250,19.87
Firozpur,wheat,5,200.9,7.55,0.353,36.7,171.7,heading,87,0.798,38.1,61.9,4.47,7.26,625,20.22
Bathinda,wheat,1,141.7,8.37,0.351,13.0,127.3,heading,81,0.659,49.7,50.3,1.17,1.18,125,20.17
Patiala,wheat,7,257.8,7.16,0.689,34.6,147.3,jointing,63,0.618,41.0,59.0,6.74,9.69,875,20.4
Firozpur,paddy,2,201.6,8.53,0.232,27.6,236.8,grain_filling,107,0.51,53.4,46.6,2.3,2.0,250,27.02
Amritsar,wheat,1,252.5,8.32,0.447,25.4,129.0,grain_filling,117,0.544,45.4,54.6,1.07,1.28,125,20.06
Firozpur,wheat,7,139.0,8.09,0.394,27.7,283.4,heading,94,0.745,48.3,51.7,7.94,8.49,875,18.18
Moga,paddy,3,255.3,7.45,0.301,42.1,232.0,panicle_initiation,60,0.617,50.2,49.8,3.24,3.21,375,26.7
Kapurthala,paddy,2,288.0,7.66,0.4,10.3,132.2,seedling,14,0.202,49.5,50.5,2.13,2.17,250,27.2
Firozpur,wheat,5,131.4,7.57,0.31,30.3,135.0,heading,82,0.783,51.8,48.2,6.07,5.66,625,20.44
Firozpur,wheat,4,150.7,7.91,0.275,11.0,281.0,germination,11,0.217,65.3,34.7,6.13,3.25,500,18.51
Bathinda,paddy,2,190.3,8.44,0.201,30.7,289.5,flowering,76,0.679,53.5,46.5,2.3,2.0,250,27.01
Amritsar,paddy,10,162.3,8.27,0.367,21.0,212.5,flowering,90,0.773,44.3,55.7,9.53,11.98,1250,27.47
Sangrur,paddy,7,303.2,7.61,0.389,23.9,154.0,tillering,22,0.528,44.2,55.8,6.65,8.41,875,27.16
Amritsar,wheat,5,259.9,7.43,0.442,32.9,310.8,germination,16,0.239,58.9,41.1,6.91,4.83,625,18.59
Ludhiana,paddy,3,265.1,7.47,0.393,15.9,258.8,flowering,87,0.737,39.6,60.4,2.56,3.9,375,27.16
Firozpur,paddy,2,207.5,7.41,0.415,23.2,308.5,tillering,36,0.485,48.2,51.8,2.07,2.23,250,26.11
Moga,paddy,5,168.5,8.25,0.515,23.1,232.6,grain_filling,108,0.539,53.0,47.0,5.7,5.05,625,27.21
Ludhiana,wheat,2,236.3,7.19,0.341,36.6,305.5,germination,18,0.158,60.2,39.8,2.83,1.87,250,19.2
Patiala,wheat,5,244.7,6.92,0.655,27.8,281.6,grain_filling,107,0.52,42.2,57.8,4.95,6.78,625,19.15
Jalandhar,wheat,3,214.8,7.79,0.505,32.2,316.9,grain_filling,122,0.535,43.6,56.4,3.07,3.97,375,21.19
Bathinda,paddy,2,253.4,8.17,0.405,29.1,128.2,seedling,4,0.262,54.0,46.0,2.32,1.98,250,26.51
Moga,paddy,2,268.7,8.02,0.498,16.2,284.9,grain_filling,102,0.455,44.9,55.1,1.93,2.37,250,27.38
Bathinda,wheat,3,212.4,8.59,0.38,28.3,129.0,germination,12,0.201,69.5,30.5,4.89,2.15,375,17.65
Kapurthala,paddy,4,247.5,8.02,0.539,11.4,195.8,flowering,83,0.62,44.6,55.4,3.84,4.77,500,28.72
Moga,wheat,7,263.0,7.77,0.319,14.4,157.7,tillering,44,0.379,57.2,42.8,9.39,7.03,875,17.76
Moga,paddy,4,267.4,7.46,0.283,31.8,232.5,flowering,84,0.729,38.2,61.8,3.29,5.32,500,26.64
Ludhiana,paddy,5,314.5,8.07,0.552,30.5,257.9,flowering,82,0.649,30.0,70.0,3.23,7.53,625,28.68
Ludhiana,paddy,2,246.5,7.95,0.426,42.9,226.8,tillering,20,0.357,46.6,53.4,2.01,2.29,250,28.48
Gurdaspur,wheat,5,291.8,7.76,0.381,32.2,283.7,heading,93,0.662,34.0,66.0,3.99,7.74,625,18.82
Bathinda,paddy,3,135.2,8.71,0.283,17.7,219.3,tillering,32,0.473,64.8,35.2,4.18,2.27,375,26.5
Bathinda,wheat,2,227.9,8.31,0.35,29.1,238.1,grain_filling,116,0.46,44.8,55.2,2.1,2.59,250,18.17
Firozpur,paddy,7,230.9,8.27,0.22,43.4,282.8,flowering,69,0.711,41.6,58.4,6.27,8.78,875,27.72
Firozpur,paddy,4,264.4,8.21,0.38,43.1,208.6,panicle_initiation,62,0.565,51.1,48.9,4.39,4.21,500,27.52
Sangrur,paddy,5,296.9,7.07,0.429,10.8,185.9,panicle_initiation,64,0.599,41.6,58.4,4.47,6.28,625,29.26
Jalandhar,wheat,1,197.3,8.18,0.577,24.1,298.1,heading,89,0.624,39.7,60.3,0.93,1.42,125,20.88
Patiala,paddy,4,221.4,6.82,0.385,27.4,258.0,tillering,28,0.543,48.8,51.2,4.2,4.4,500,26.57
Bathinda,wheat,2,163.1,7.56,0.358,18.7,180.8,jointing,76,0.553,49.6,50.4,2.33,2.36,250,18.77
Moga,paddy,2,215.9,7.56,0.325,36.8,277.3,grain_filling,95,0.475,45.7,54.3,1.96,2.34,250,25.44
Moga,wheat,5,268.5,8.27,0.47,19.7,319.3,grain_filling,104,0.639,46.1,53.9,5.41,6.32,625,20.48
Firozpur,wheat,7,161.0,8.01,0.374,28.8,233.0,germination,4,0.281,60.9,39.1,10.0,6.42,875,17.11
Firozpur,wheat,5,155.1,8.32,0.358,40.8,199.4,heading,85,0.67,49.6,50.4,5.82,5.91,625,17.65
Bathinda,wheat,2,230.0,8.73,0.289,18.7,243.2,tillering,25,0.436,58.1,41.9,2.73,1.96,250,17.61
Firozpur,wheat,3,182.8,8.49,0.368,14.8,193.8,grain_filling,128,0.645,52.9,47.1,3.73,3.31,375,18.94
Gurdaspur,wheat,2,228.6,7.18,0.519,40.8,184.9,jointing,66,0.623,46.3,53.7,2.17,2.52,250,21.0
Bathinda,paddy,1,237.0,7.71,0.414,34.0,224.0,panicle_initiation,51,0.692,44.2,55.8,0.95,1.2,125,28.38
Kapurthala,paddy,3,269.3,7.23,0.306,40.6,135.1,tillering,27,0.51,51.9,48.1,3.35,3.1,375,27.56
Ludhiana,wheat,4,318.1,7.86,0.515,11.6,295.8,jointing,63,0.602,44.3,55.7,4.16,5.22,500,20.07
Sangrur,wheat,1,272.0,7.59,0.341,28.4,199.1,jointing,77,0.685,50.1,49.9,1.18,1.17,125,18.85
Jalandhar,wheat,4,231.2,7.29,0.495,36.4,142.1,grain_filling,116,0.464,44.6,55.4,4.19,5.2,500,17.13
Moga,paddy,7,231.9,7.84,0.395,43.2,275.4,panicle_initiation,61,0.636,44.6,55.4,6.72,8.34,875,28.18
Gurdaspur,paddy,12,314.9,7.19,0.51,34.4,152.9,tillering,29,0.366,44.1,55.9,11.38,14.42,1500,28.36
Kapurthala,wheat,7,181.1,7.95,0.565,19.9,207.6,heading,90,0.676,36.3,63.7,5.96,10.46,875,21.32
Kapurthala,paddy,7,222.8,7.54,0.432,19.1,263.1,grain_filling,94,0.498,45.4,54.6,6.84,8.21,875,26.26
Ludhiana,wheat,2,308.5,7.98,0.643,40.8,176.0,grain_filling,126,0.472,36.7,63.3,1.72,2.97,250,20.37
Patiala,wheat,2,181.5,6.8,0.501,27.6,247.5,heading,95,0.67,43.5,56.5,2.04,2.65,250,22.0
Moga,wheat,3,165.4,7.71,0.461,13.3,310.1,heading,97,0.676,45.6,54.4,3.21,3.83,375,18.68
Sangrur,paddy,4,173.6,8.05,0.345,20.7,284.5,grain_filling,101,0.491,47.3,52.7,4.07,4.53,500,26.43
Jalandhar,wheat,15,245.5,8.23,0.495,12.6,212.1,heading,92,0.619,43.4,56.6,15.29,19.9,1875,19.77
Patiala,wheat,2,172.9,7.52,0.585,31.1,134.3,grain_filling,119,0.492,40.4,59.6,1.9,2.79,250,19.85
Bathinda,wheat,4,124.7,8.11,0.439,14.0,309.3,tillering,38,0.477,67.8,32.2,6.36,3.02,500,18.4
Bathinda,paddy,7,237.4,8.26,0.262,33.1,262.0,tillering,16,0.451,49.1,50.9,7.39,7.66,875,26.91
Ludhiana,wheat,12,188.6,7.06,0.433,21.8,263.6,germination,9,0.173,58.9,41.1,16.57,11.58,1500,17.71
Bathinda,wheat,2,179.0,7.59,0.328,25.9,273.4,grain_filling,110,0.539,52.8,47.2,2.48,2.21,250,19.32
Moga,wheat,5,224.7,7.58,0.345,23.9,123.8,grain_filling,122,0.459,48.9,51.1,5.74,5.99,625,18.95
Patiala,wheat,5,191.4,7.83,0.514,24.1,209.9,jointing,51,0.687,48.5,51.5,5.69,6.04,625,19.89
Firozpur,wheat,7,191.9,7.49,0.329,36.0,197.3,jointing,69,0.631,53.6,46.4,8.8,7.62,875,18.89
Patiala,paddy,1,266.4,7.15,0.67,19.6,280.2,grain_filling,100,0.524,37.7,62.3,0.81,1.34,125,25.05
Kapurthala,wheat,4,231.1,7.19,0.419,39.2,317.4,grain_filling,121,0.556,41.9,58.1,3.93,5.45,500,18.99
Bathinda,paddy,3,172.3,8.67,0.429,42.6,174.1,seedling,9,0.263,59.2,40.8,3.82,2.63,375,27.2
Kapurthala,wheat,3,190.7,7.85,0.533,25.9,259.6,grain_filling,127,0.482,48.8,51.2,3.44,3.6,375,19.59
Moga,wheat,3,200.6,7.99,0.293,42.0,124.1,jointing,76,0.602,49.3,50.7,3.47,3.57,375,19.04
Patiala,wheat,5,288.5,7.31,0.543,18.1,268.7,jointing,51,0.678,44.1,55.9,5.17,6.56,625,20.06
Sangrur,paddy,2,296.8,7.95,0.46,14.9,163.6,seedling,5,0.205,51.9,48.1,2.23,2.07,250,27.49
Patiala,wheat,12,193.8,7.66,0.62,26.2,262.8,grain_filling,108,0.478,40.5,59.5,11.4,16.75,1500,19.93
Sangrur,wheat,4,229.1,7.3,0.569,21.0,287.7,jointing,68,0.66,38.8,61.2,3.64,5.74,500,21.59
Firozpur,wheat,3,194.0,8.02,0.453,33.1,189.8,grain_filling,109,0.637,46.9,53.1,3.3,3.73,375,18.52
Patiala,wheat,12,207.7,7.09,0.697,16.9,235.1,germination,8,0.296,50.3,49.7,14.15,14.0,1500,19.77
Moga,wheat,4,260.8,7.49,0.418,38.8,174.3,grain_filling,127,0.586,36.9,63.1,3.46,5.92,500,18.58
Bathinda,wheat,4,134.9,8.68,0.21,25.1,130.4,tillering,40,0.482,70.3,29.7,6.59,2.79,500,18.12
Amritsar,wheat,5,218.3,8.05,0.511,42.7,185.5,jointing,54,0.552,49.9,50.1,5.85,5.88,625,19.88
Gurdaspur,paddy,2,285.6,7.71,0.526,44.5,226.7,flowering,89,0.766,33.4,66.6,1.44,2.86,250,30.37
Patiala,wheat,3,208.5,7.58,0.603,40.2,215.1,jointing,79,0.674,47.6,52.4,3.35,3.69,375,20.47
Amritsar,wheat,5,275.4,7.4,0.549,14.2,123.0,germination,15,0.187,62.0,38.0,7.28,4.45,625,19.74
Kapurthala,wheat,4,275.3,7.82,0.535,38.5,136.9,jointing,75,0.611,51.2,48.8,4.81,4.58,500,20.47
Sangrur,paddy,5,232.7,7.37,0.349,24.0,193.3,seedling,5,0.255,55.4,44.6,5.95,4.8,625,26.33
Amritsar,paddy,4,231.2,7.41,0.328,27.4,203.7,panicle_initiation,46,0.697,49.7,50.3,4.28,4.32,500,28.82
Sangrur,paddy,7,172.7,7.74,0.585,38.1,156.8,grain_filling,102,0.464,42.9,57.1,6.46,8.59,875,28.74
Kapurthala,paddy,3,190.8,8.03,0.52,24.5,214.7,flowering,86,0.786,45.4,54.6,2.93,3.52,375,30.29
Firozpur,wheat,10,147.9,8.31,0.352,15.2,172.8,heading,97,0.673,53.2,46.8,12.49,10.97,1250,17.8
Ludhiana,paddy,7,266.0,7.64,0.332,25.6,319.9,seedling,15,0.266,56.3,43.7,8.48,6.57,875,26.74
Moga,paddy,1,209.1,8.07,0.462,12.9,284.8,seedling,11,0.157,57.2,42.8,1.23,0.92,125,27.77
Firozpur,wheat,3,167.8,8.01,0.343,27.9,254.5,tillering,40,0.509,63.5,36.5,4.47,2.57,375,17.75
Moga,paddy,2,187.8,7.85,0.447,26.9,230.0,flowering,86,0.743,38.3,61.7,1.65,2.66,250,28.12
Kapurthala,paddy,4,294.0,7.07,0.427,16.5,217.1,grain_filling,112,0.612,37.5,62.5,3.23,5.38,500,26.98
Sangrur,paddy,3,286.9,7.61,0.404,20.3,126.7,seedling,2,0.192,52.4,47.6,3.38,3.07,375,27.63
Ludhiana,wheat,5,279.1,7.52,0.388,34.0,268.5,tillering,25,0.533,51.4,48.6,6.03,5.7,625,18.86
Sangrur,paddy,1,271.8,7.84,0.584,35.5,305.6,panicle_initiation,47,0.651,40.2,59.8,0.86,1.29,125,28.43
Kapurthala,paddy,2,291.1,7.71,0.294,11.2,260.5,grain_filling,113,0.548,39.1,60.9,1.68,2.62,250,26.09
Amritsar,paddy,2,242.3,7.61,0.518,20.2,232.5,grain_filling,107,0.474,46.6,53.4,2.0,2.3,250,28.27
Firozpur,wheat,3,133.6,8.17,0.47,41.0,259.9,grain_filling,120,0.555,56.5,43.5,3.98,3.06,375,18.27
Amritsar,paddy,7,225.2,8.07,0.286,31.3,260.6,grain_filling,103,0.491,48.3,51.7,7.27,7.78,875,27.21
Moga,paddy,1,268.0,7.9,0.364,44.4,174.8,flowering,67,0.688,40.2,59.8,0.86,1.29,125,28.06
Gurdaspur,wheat,5,275.7,7.74,0.457,10.6,243.6,heading,99,0.622,38.8,61.2,4.55,7.18,625,18.24
Gurdaspur,paddy,3,310.2,7.36,0.408,20.6,173.8,tillering,35,0.49,40.0,60.0,2.58,3.87,375,27.16
Jalandhar,wheat,3,196.6,7.71,0.382,15.9,172.6,jointing,80,0.655,51.7,48.3,3.64,3.4,375,18.63
Bathinda,paddy,7,122.9,7.82,0.423,35.1,134.6,grain_filling,120,0.534,54.9,45.1,8.27,6.79,875,27.73
Moga,wheat,4,170.1,7.68,0.308,27.0,245.0,heading,94,0.713,44.9,55.1,4.21,5.17,500,18.9
Moga,paddy,2,206.8,7.28,0.547,41.1,290.9,flowering,69,0.696,37.5,62.5,1.61,2.69,250,26.07
Firozpur,paddy,3,188.4,7.67,0.285,41.5,286.8,flowering,72,0.766,41.4,58.6,2.67,3.78,375,27.82
Ludhiana,wheat,2,228.2,7.6,0.46,28.2,148.0,germination,12,0.186,66.8,33.2,3.13,1.56,250,17.53
Firozpur,wheat,1,187.5,8.05,0.29,41.2,186.6,jointing,69,0.521,54.1,45.9,1.27,1.08,125,18.25
Bathinda,wheat,2,122.6,8.66,0.257,42.5,263.5,grain_filling,127,0.49,56.1,43.9,2.63,2.06,250,18.57
Jalandhar,paddy,7,219.8,8.25,0.511,32.6,265.7,grain_filling,111,0.536,46.0,54.0,6.93,8.13,875,28.24
Moga,paddy,7,225.3,7.38,0.489,20.2,176.6,grain_filling,114,0.599,38.6,61.4,5.81,9.24,875,28.8
Ludhiana,paddy,4,207.1,7.31,0.479,21.6,292.1,panicle_initiation,48,0.71,40.9,59.1,3.52,5.08,500,28.71
Ludhiana,wheat,5,231.1,7.33,0.477,21.8,265.2,germination,8,0.174,57.8,42.2,6.79,4.94,625,19.18
Bathinda,paddy,5,249.1,8.37,0.259,41.3,156.9,panicle_initiation,62,0.686,52.3,47.7,5.62,5.13,625,27.93
Sangrur,wheat,5,298.6,8.01,0.317,22.6,282.6,jointing,60,0.671,45.2,54.8,5.31,6.42,625,19.8
Jalandhar,wheat,15,244.5,8.06,0.467,44.9,211.2,tillering,40,0.483,51.6,48.4,18.15,17.04,1875,18.91
Jalandhar,paddy,7,180.1,7.73,0.282,21.1,255.4,tillering,36,0.575,52.7,47.3,7.94,7.12,875,26.89
Moga,paddy,1,267.9,7.51,0.384,12.7,262.7,seedling,1,0.156,55.9,44.1,1.2,0.95,125,28.46
Amritsar,wheat,4,283.5,7.26,0.463,28.6,215.6,heading,81,0.638,34.5,65.5,3.24,6.15,500,18.54
Gurdaspur,wheat,15,297.1,7.68,0.511,13.1,258.8,heading,95,0.783,30.9,69.1,10.86,24.33,1875,20.93
Sangrur,paddy,3,300.6,7.5,0.565,44.1,294.7,tillering,23,0.47,44.2,55.8,2.85,3.6,375,29.08
Firozpur,wheat,3,174.4,8.15,0.403,36.9,151.3,jointing,57,0.671,51.2,48.8,3.6,3.43,375,17.74
Jalandhar,paddy,2,244.9,7.54,0.569,27.6,213.0,panicle_initiation,56,0.649,45.1,54.9,1.94,2.36,250,28.85
Amritsar,paddy,4,249.1,7.51,0.509,41.3,158.8,grain_filling,111,0.503,41.9,58.1,3.61,4.99,500,26.68
Bathinda,paddy,2,196.4,7.57,0.386,27.7,249.5,seedling,5,0.186,60.6,39.4,2.61,1.7,250,26.43
Sangrur,wheat,5,189.7,7.95,0.48,43.3,134.5,heading,84,0.765,41.5,58.5,4.87,6.86,625,18.67
Sangrur,wheat,3,227.8,7.66,0.405,37.3,288.1,heading,91,0.769,40.9,59.1,2.88,4.16,375,19.03
Gurdaspur,paddy,10,313.6,7.63,0.562,23.6,206.6,flowering,72,0.765,30.0,70.0,6.45,15.05,1250,29.5
Firozpur,wheat,7,230.3,7.87,0.41,26.7,318.8,tillering,32,0.54,47.1,52.9,7.73,8.69,875,18.28
Sangrur,wheat,2,238.4,7.56,0.468,44.1,302.3,jointing,73,0.707,51.0,49.0,2.39,2.3,250,18.47
Firozpur,paddy,5,159.2,7.95,0.475,21.4,219.7,flowering,90,0.65,40.7,59.3,4.38,6.37,625,28.43
Ludhiana,paddy,2,181.4,8.12,0.52,21.3,169.3,flowering,82,0.647,41.6,58.4,1.79,2.51,250,29.1
Amritsar,paddy,3,191.7,7.24,0.261,10.9,267.8,flowering,74,0.686,51.5,48.5,3.32,3.13,375,27.89
Firozpur,wheat,7,243.1,7.6,0.416,37.3,186.0,grain_filling,124,0.562,42.6,57.4,7.0,9.42,875,18.65
Bathinda,paddy,1,126.0,8.25,0.413,23.9,180.5,flowering,86,0.666,47.3,52.7,1.02,1.13,125,29.96
Sangrur,paddy,2,174.3,7.19,0.4,21.2,251.8,grain_filling,113,0.534,47.4,52.6,2.04,2.26,250,25.24
Patiala,paddy,12,251.7,7.7,0.528,13.7,291.7,flowering,83,0.624,39.5,60.5,10.2,15.61,1500,28.61
Gurdaspur,paddy,2,294.0,7.38,0.626,30.7,246.0,panicle_initiation,51,0.588,33.9,66.1,1.46,2.84,250,26.97
Sangrur,paddy,10,222.4,8.09,0.451,29.4,226.0,tillering,27,0.367,50.9,49.1,10.94,10.57,1250,27.25
Sangrur,paddy,3,248.1,7.7,0.459,10.6,186.9,flowering,69,0.618,38.3,61.7,2.47,3.98,375,27.33
Ludhiana,paddy,2,236.5,7.25,0.527,40.5,269.7,grain_filling,105,0.578,36.5,63.5,1.57,2.73,250,26.72
Jalandhar,wheat,1,189.7,8.19,0.579,27.4,121.3,tillering,28,0.465,47.2,52.8,1.11,1.24,125,18.83
Sangrur,wheat,12,194.2,7.58,0.478,36.0,164.0,grain_filling,102,0.523,51.7,48.3,14.56,13.59,1500,18.22
Gurdaspur,paddy,7,198.5,7.36,0.48,19.0,225.7,tillering,37,0.555,51.7,48.3,7.78,7.27,875,27.93
Bathinda,paddy,4,145.3,8.2,0.269,35.6,286.5,tillering,25,0.518,61.2,38.8,5.26,3.34,500,28.34
Moga,wheat,1,189.3,7.98,0.301,41.8,163.0,grain_filling,117,0.486,51.3,48.7,1.2,1.14,125,18.76
Jalandhar,paddy,3,293.1,7.82,0.285,22.4,148.6,seedling,0,0.164,57.7,42.3,3.72,2.73,375,27.15
Firozpur,wheat,3,231.6,7.48,0.487,16.8,296.5,grain_filling,124,0.644,39.6,60.4,2.79,4.25,375,20.42
Kapurthala,wheat,2,167.0,7.32,0.31,22.9,286.6,tillering,23,0.482,52.7,47.3,2.47,2.22,250,18.86
Sangrur,wheat,1,290.7,7.27,0.413,43.3,235.7,tillering,34,0.416,45.3,54.7,1.06,1.28,125,19.2
Firozpur,wheat,3,267.3,8.06,0.227,31.1,149.1,tillering,45,0.521,59.5,40.5,4.19,2.85,375,18.81
Ludhiana,wheat,7,203.2,7.93,0.38,28.4,210.3,jointing,56,0.693,47.0,53.0,7.72,8.7,875,19.27
Sangrur,paddy,1,210.0,7.8,0.391,36.3,126.1,grain_filling,104,0.535,39.5,60.5,0.85,1.3,125,26.3
Ludhiana,paddy,2,229.5,7.58,0.509,26.5,259.7,grain_filling,102,0.601,43.2,56.8,1.86,2.45,250,29.26
Jalandhar,paddy,2,188.3,8.25,0.441,42.1,261.4,seedling,5,0.161,67.4,32.6,2.9,1.4,250,26.38
Bathinda,paddy,3,214.0,7.76,0.368,18.8,123.7,grain_filling,107,0.56,42.0,58.0,2.71,3.74,375,27.03
Moga,paddy,2,163.9,7.38,0.363,28.9,275.3,panicle_initiation,48,0.601,49.4,50.6,2.13,2.17,250,28.19
Bathinda,wheat,3,180.2,8.14,0.214,43.4,145.7,tillering,26,0.451,68.2,31.8,4.8,2.24,375,18.52
Gurdaspur,paddy,2,299.6,7.62,0.477,39.9,214.3,tillering,32,0.417,44.8,55.2,1.93,2.37,250,28.37
Amritsar,paddy,5,287.1,8.05,0.398,40.0,140.9,grain_filling,119,0.545,38.7,61.3,4.17,6.59,625,27.27
Sangrur,paddy,4,212.5,7.12,0.462,13.0,313.9,panicle_initiation,63,0.701,41.2,58.8,3.54,5.06,500,27.66
Ludhiana,paddy,1,284.2,7.89,0.387,39.2,201.0,flowering,78,0.675,38.4,61.6,0.83,1.33,125,26.99
Firozpur,paddy,7,235.8,8.17,0.286,35.6,171.4,grain_filling,120,0.567,53.4,46.6,8.03,7.02,875,25.69
Gurdaspur,wheat,2,205.2,7.04,0.423,28.0,237.8,heading,100,0.699,43.3,56.7,2.03,2.66,250,18.5
Bathinda,paddy,2,152.2,7.51,0.363,17.1,298.0,tillering,34,0.368,60.4,39.6,2.6,1.7,250,26.91
Amritsar,paddy,7,195.5,7.23,0.475,17.5,286.9,tillering,16,0.483,52.0,48.0,7.83,7.23,875,27.77
Firozpur,paddy,5,188.9,8.56,0.236,30.7,291.7,flowering,78,0.724,48.7,51.3,5.23,5.52,625,26.87
Ludhiana,paddy,1,295.6,7.42,0.617,44.4,190.0,flowering,90,0.637,30.0,70.0,0.65,1.51,125,27.63
Amritsar,paddy,5,194.1,7.83,0.396,22.4,298.3,tillering,33,0.483,51.7,48.3,5.56,5.2,625,26.01
Sangrur,wheat,5,187.2,8.01,0.301,41.3,296.8,heading,94,0.714,49.9,50.1,5.85,5.88,625,19.49
Kapurthala,wheat,7,189.9,7.05,0.303,40.5,255.7,grain_filling,119,0.573,51.3,48.7,8.42,8.0,875,18.45
Firozpur,paddy,1,227.8,7.71,0.378,28.7,147.6,tillering,34,0.422,50.4,49.6,1.08,1.07,125,27.38
Patiala,paddy,5,309.1,6.91,0.434,40.7,199.1,tillering,36,0.563,41.5,58.5,4.46,6.29,625,28.04
Moga,paddy,7,160.9,8.2,0.42,26.1,233.3,seedling,14,0.211,66.5,33.5,10.02,5.04,875,27.44
Sangrur,paddy,3,239.2,7.08,0.61,41.1,171.8,grain_filling,114,0.61,34.7,65.3,2.24,4.21,375,27.18
Sangrur,wheat,3,188.4,7.03,0.343,32.9,280.5,tillering,30,0.44,55.9,44.1,3.93,3.1,375,17.41
Ludhiana,paddy,4,192.5,8.03,0.585,11.2,138.2,seedling,4,0.194,53.8,46.2,4.63,3.97,500,28.19
Jalandhar,paddy,2,294.9,7.63,0.534,10.5,229.6,grain_filling,117,0.46,37.0,63.0,1.59,2.71,250,26.17
Moga,wheat,3,220.8,8.05,0.303,36.9,257.7,germination,11,0.156,60.1,39.9,4.23,2.81,375,18.25
Jalandhar,paddy,2,161.5,7.17,0.598,12.5,129.2,seedling,14,0.245,57.5,42.5,2.47,1.83,250,29.17
Kapurthala,paddy,3,232.7,7.56,0.557,43.4,204.7,flowering,78,0.763,36.3,63.7,2.34,4.11,375,27.77
Patiala,wheat,12,271.1,7.8,0.49,25.7,290.3,tillering,44,0.498,51.5,48.5,14.51,13.65,1500,18.97
Bathinda,wheat,5,246.0,8.39,0.446,36.8,308.4,germination,13,0.153,56.7,43.3,6.65,5.08,625,18.16
Sangrur,paddy,1,278.7,7.18,0.537,25.2,167.9,grain_filling,101,0.579,42.6,57.4,0.92,1.23,125,28.14
Patiala,paddy,2,216.1,7.44,0.372,17.3,217.2,tillering,30,0.493,52.2,47.8,2.25,2.06,250,25.46
Kapurthala,paddy,4,244.0,8.17,0.489,11.1,264.8,seedling,3,0.253,56.8,43.2,4.89,3.72,500,26.48
Sangrur,paddy,5,269.2,7.92,0.413,12.2,244.5,flowering,71,0.714,34.9,65.1,3.75,7.0,625,28.58
Amritsar,wheat,1,204.5,7.93,0.477,41.6,303.1,jointing,74,0.55,45.0,55.0,1.05,1.29,125,18.24
Jalandhar,wheat,2,198.5,8.1,0.374,12.0,130.5,tillering,28,0.536,54.3,45.7,2.55,2.14,250,18.37
Moga,paddy,2,212.9,7.67,0.488,43.0,173.4,tillering,42,0.49,46.5,53.5,2.0,2.3,250,27.38
Bathinda,wheat,2,242.7,8.1,0.27,18.1,294.9,heading,99,0.734,44.4,55.6,2.08,2.61,250,19.26
Sangrur,paddy,7,300.9,8.08,0.485,10.0,300.1,grain_filling,91,0.512,36.7,63.3,5.53,9.53,875,27.43
Firozpur,wheat,4,215.7,7.93,0.423,41.3,254.8,grain_filling,122,0.626,44.4,55.6,4.16,5.22,500,19.92
Moga,wheat,5,174.4,7.53,0.357,31.1,283.3,tillering,34,0.379,55.8,44.2,6.55,5.18,625,19.15
Kapurthala,wheat,7,246.1,7.06,0.48,17.9,300.9,tillering,28,0.395,49.5,50.5,8.12,8.3,875,17.64
Gurdaspur,wheat,1,268.0,7.14,0.463,16.9,229.7,tillering,39,0.355,50.9,49.1,1.19,1.15,125,18.64
Firozpur,wheat,4,195.1,8.54,0.485,37.3,240.4,grain_filling,127,0.639,45.6,54.4,4.28,5.1,500,19.65
Bathinda,wheat,10,219.0,8.33,0.237,36.8,133.7,jointing,51,0.531,56.7,43.3,13.31,10.15,1250,18.91
Amritsar,wheat,3,172.1,7.91,0.473,42.1,290.2,heading,96,0.774,41.2,58.8,2.9,4.14,375,19.06
Sangrur,paddy,4,190.9,8.06,0.429,32.9,123.8,panicle_initiation,52,0.7,46.8,53.2,4.03,4.57,500,28.98
Sangrur,paddy,5,296.2,7.1,0.479,18.9,147.8,tillering,31,0.406,46.4,53.6,4.99,5.76,625,27.4
Ludhiana,wheat,5,303.6,7.85,0.604,23.4,182.7,tillering,38,0.354,37.0,63.0,4.34,7.39,625,19.14
Gurdaspur,paddy,2,313.6,7.35,0.324,15.9,250.5,grain_filling,120,0.584,39.3,60.7,1.69,2.61,250,28.36
Jalandhar,wheat,4,283.6,8.26,0.416,39.2,130.7,grain_filling,126,0.488,32.4,67.6,3.04,6.34,500,18.73
Kapurthala,wheat,4,170.2,7.12,0.419,20.7,305.1,jointing,53,0.667,47.9,52.1,4.49,4.89,500,20.0
Jalandhar,paddy,2,171.1,7.81,0.469,33.9,194.0,flowering,85,0.762,40.3,59.7,1.73,2.57,250,28.09
Amritsar,wheat,3,276.1,7.32,0.285,20.5,312.0,germination,2,0.284,60.3,39.7,4.24,2.8,375,17.6
Moga,wheat,1,215.3,7.91,0.383,18.1,214.0,grain_filling,101,0.498,39.6,60.4,0.93,1.42,125,19.42
Kapurthala,paddy,7,255.7,7.31,0.49,39.7,200.3,flowering,68,0.631,35.5,64.5,5.34,9.71,875,27.98
Firozpur,paddy,10,231.7,7.78,0.452,31.1,197.8,grain_filling,101,0.542,38.6,61.4,8.29,13.21,1250,27.64
Jalandhar,wheat,2,291.6,7.45,0.413,37.5,229.2,heading,99,0.68,37.0,63.0,1.74,2.96,250,20.39
Jalandhar,paddy,3,209.7,7.23,0.584,27.1,220.6,panicle_initiation,47,0.736,34.5,65.5,2.22,4.23,375,28.42
Patiala,wheat,5,189.7,7.65,0.649,34.0,123.6,tillering,38,0.464,55.5,44.5,6.52,5.21,625,19.93
Kapurthala,wheat,5,286.2,7.15,0.412,39.8,301.3,tillering,27,0.469,45.8,54.2,5.37,6.36,625,20.1
Ludhiana,wheat,5,265.8,7.05,0.343,40.3,233.3,germination,12,0.22,59.4,40.6,6.97,4.76,625,18.61
Bathinda,wheat,1,164.4,7.94,0.284,14.3,136.9,heading,91,0.653,45.2,54.8,1.06,1.29,125,19.29
Bathinda,paddy,4,192.9,8.44,0.292,11.3,300.9,tillering,40,0.568,55.9,44.1,4.81,3.8,500,25.45
Kapurthala,wheat,4,285.2,7.86,0.488,33.2,202.8,grain_filling,104,0.555,35.8,64.2,3.36,6.03,500,19.15
Ludhiana,paddy,3,286.2,7.32,0.353,34.5,171.5,grain_filling,106,0.472,36.4,63.6,2.35,4.11,375,27.29
Jalandhar,paddy,3,209.2,7.3,0.291,23.5,300.7,tillering,20,0.534,50.5,49.5,3.26,3.2,375,25.71
Moga,paddy,3,193.4,7.27,0.285,14.0,134.3,tillering,16,0.429,57.9,42.1,3.73,2.72,375,27.28
Ludhiana,wheat,2,299.9,7.83,0.569,39.3,144.5,jointing,64,0.559,33.6,66.4,1.58,3.11,250,18.43
Amritsar,paddy,15,200.3,7.9,0.272,16.1,297.9,tillering,44,0.569,46.6,53.4,15.05,17.21,1875,26.26
Bathinda,paddy,1,247.9,7.78,0.211,20.7,259.2,seedling,2,0.16,67.0,33.0,1.44,0.71,125,27.3
Gurdaspur,paddy,2,180.2,7.14,0.422,31.6,226.8,seedling,12,0.171,56.7,43.3,2.44,1.86,250,27.02
Gurdaspur,wheat,10,280.9,7.01,0.467,35.7,154.6,grain_filling,112,0.623,35.8,64.2,8.4,15.06,1250,19.74
Bathinda,wheat,3,189.4,7.64,0.286,15.2,247.2,heading,84,0.799,48.2,51.8,3.39,3.65,375,19.54
Ludhiana,wheat,2,258.5,7.46,0.394,32.8,146.9,grain_filling,129,0.604,44.4,55.6,2.08,2.61,250,19.93
Jalandhar,paddy,3,239.7,7.59,0.342,36.1,145.4,panicle_initiation,47,0.649,50.7,49.3,3.27,3.18,375,28.03
Patiala,paddy,15,257.3,7.57,0.6,20.2,184.5,panicle_initiation,62,0.611,39.7,60.3,12.82,19.44,1875,29.12
Sangrur,paddy,10,173.5,7.98,0.529,11.3,205.9,grain_filling,91,0.549,43.9,56.1,9.43,12.08,1250,28.67
Sangrur,paddy,5,237.4,7.08,0.561,40.4,247.9,seedling,15,0.236,58.3,41.7,6.27,4.48,625,28.06
Kapurthala,wheat,2,191.0,8.18,0.385,14.5,229.1,tillering,42,0.486,62.2,37.8,2.92,1.77,250,18.9
Gurdaspur,wheat,5,277.5,7.71,0.538,18.0,204.6,germination,16,0.251,52.2,47.8,6.12,5.61,625,21.25
Kapurthala,paddy,4,299.6,7.94,0.38,19.7,253.4,grain_filling,94,0.548,37.5,62.5,3.23,5.38,500,26.87
Patiala,wheat,2,305.2,7.93,0.418,15.7,168.1,tillering,33,0.464,43.6,56.4,2.05,2.65,250,19.86
Jalandhar,paddy,5,221.1,8.05,0.542,20.2,187.9,tillering,45,0.534,52.2,47.8,5.61,5.14,625,28.66
Kapurthala,paddy,4,248.8,8.01,0.371,13.4,243.2,seedling,5,0.205,65.0,35.0,5.59,3.01,500,25.83
Patiala,paddy,3,299.5,7.92,0.478,28.6,310.8,flowering,80,0.758,35.2,64.8,2.27,4.18,375,28.55
Firozpur,paddy,5,245.9,8.25,0.354,30.5,317.7,panicle_initiation,49,0.707,48.2,51.8,5.18,5.57,625,28.59
Patiala,wheat,3,235.5,6.84,0.434,15.4,297.3,germination,1,0.278,54.3,45.7,3.82,3.22,375,18.11
Moga,wheat,3,274.0,8.25,0.567,25.5,248.9,jointing,71,0.577,44.3,55.7,3.12,3.92,375,18.23
Jalandhar,paddy,5,256.9,7.25,0.301,44.1,256.2,flowering,75,0.74,39.6,60.4,4.26,6.49,625,29.01
Bathinda,wheat,1,178.1,8.61,0.38,40.9,243.2,tillering,32,0.373,55.4,44.6,1.3,1.05,125,18.82
Sangrur,wheat,7,178.8,8.08,0.395,40.5,120.8,tillering,23,0.499,55.2,44.8,9.07,7.35,875,19.98
Bathinda,paddy,10,178.2,7.62,0.321,13.2,145.8,seedling,12,0.262,58.5,41.5,12.58,8.93,1250,27.8
Firozpur,paddy,12,269.1,7.56,0.234,34.3,286.4,flowering,87,0.736,46.6,53.4,12.03,13.78,1500,27.82
Bathinda,paddy,1,163.4,7.76,0.337,25.9,295.6,seedling,4,0.248,62.0,38.0,1.33,0.82,125,25.75
Jalandhar,paddy,4,220.4,7.58,0.289,34.3,281.5,flowering,88,0.601,42.3,57.7,3.64,4.97,500,27.1
Moga,wheat,1,179.5,8.05,0.564,13.5,151.1,tillering,33,0.431,49.7,50.3,1.17,1.18,125,19.57
Sangrur,paddy,5,260.2,7.79,0.327,13.7,145.5,tillering,17,0.471,51.4,48.6,5.53,5.23,625,27.5
Gurdaspur,wheat,12,203.7,7.19,0.62,42.0,185.8,tillering,36,0.521,44.9,55.1,12.65,15.5,1500,19.42
Amritsar,paddy,2,212.7,7.57,0.401,21.9,271.4,grain_filling,117,0.458,44.1,55.9,1.9,2.41,250,27.62
Moga,wheat,5,242.3,7.59,0.532,25.9,265.3,jointing,54,0.719,43.9,56.1,5.15,6.58,625,20.09
Firozpur,wheat,4,221.1,8.31,0.43,27.8,282.2,germination,3,0.169,68.5,31.5,6.43,2.95,500,19.12
Patiala,wheat,12,264.4,7.28,0.547,32.3,314.5,grain_filling,122,0.48,46.9,53.1,13.21,14.94,1500,19.3
Firozpur,paddy,2,191.8,8.21,0.229,30.5,230.8,tillering,39,0.367,65.1,34.9,2.8,1.5,250,28.58
Kapurthala,wheat,3,264.4,7.76,0.529,21.4,268.1,grain_filling,119,0.519,41.5,58.5,2.92,4.12,375,19.24
Amritsar,paddy,2,261.6,7.56,0.504,36.6,179.4,grain_filling,100,0.482,39.1,60.9,1.68,2.62,250,28.73
Moga,paddy,7,188.1,7.58,0.503,24.9,287.5,flowering,87,0.66,41.7,58.3,6.27,8.78,875,28.06
Amritsar,paddy,2,187.7,8.39,0.451,26.2,242.7,flowering,90,0.655,44.0,56.0,1.89,2.41,250,27.16
Kapurthala,paddy,2,246.2,7.12,0.472,25.8,274.9,grain_filling,91,0.527,44.7,55.3,1.92,2.38,250,27.88
Firozpur,wheat,3,149.3,8.21,0.387,20.3,122.7,tillering,42,0.381,64.4,35.6,4.53,2.51,375,20.21
Jalandhar,paddy,3,280.5,8.0,0.457,22.7,193.0,seedling,9,0.174,55.9,44.1,3.61,2.84,375,25.54
Ludhiana,wheat,4,218.9,8.07,0.492,24.5,134.5,jointing,51,0.655,41.6,58.4,3.9,5.48,500,19.65
Moga,wheat,5,190.9,7.26,0.569,39.8,302.6,grain_filling,105,0.509,45.1,54.9,5.29,6.44,625,18.98
Bathinda,paddy,4,129.6,7.52,0.425,30.3,190.4,flowering,82,0.723,42.4,57.6,3.65,4.95,500,29.43
Amritsar,wheat,3,244.9,7.86,0.349,15.9,213.3,germination,2,0.207,59.0,41.0,4.15,2.89,375,18.32
Gurdaspur,wheat,10,261.1,7.97,0.357,17.4,214.6,heading,84,0.754,42.4,57.6,9.94,13.52,1250,19.84
Moga,wheat,2,156.1,7.96,0.37,30.0,311.3,heading,92,0.727,46.9,53.1,2.2,2.49,250,18.96
Ludhiana,wheat,1,230.9,7.73,0.342,42.3,135.5,grain_filling,120,0.458,47.3,52.7,1.11,1.24,125,18.59
Gurdaspur,paddy,5,229.5,7.44,0.647,17.5,203.6,flowering,69,0.72,30.0,70.0,3.23,7.53,625,26.83
Ludhiana,wheat,12,237.4,8.19,0.464,19.0,298.2,germination,17,0.215,61.1,38.9,17.19,10.96,1500,17.69
Sangrur,paddy,3,203.4,7.56,0.607,16.0,263.9,tillering,22,0.431,41.9,58.1,2.7,3.75,375,28.54
Patiala,wheat,10,234.5,7.89,0.663,43.8,297.0,heading,99,0.623,38.4,61.6,9.0,14.46,1250,19.32
Jalandhar,wheat,12,172.8,7.31,0.5,39.1,201.8,tillering,27,0.39,57.9,42.1,16.31,11.85,1500,19.16
Ludhiana,paddy,7,245.4,7.97,0.355,37.6,132.8,seedling,1,0.235,56.6,43.4,8.51,6.54,875,26.07
Moga,wheat,3,210.1,7.73,0.515,26.7,276.7,jointing,59,0.555,48.0,52.0,3.38,3.66,375,18.84
Amritsar,paddy,10,199.8,7.54,0.502,11.8,199.3,grain_filling,94,0.498,45.7,54.3,9.83,11.68,1250,29.45
Moga,paddy,5,167.8,7.49,0.441,25.8,123.2,seedling,11,0.264,58.7,41.3,6.31,4.44,625,27.04
Ludhiana,paddy,4,302.0,7.99,0.426,31.0,151.3,tillering,31,0.521,39.3,60.7,3.38,5.22,500,27.02
Jalandhar,wheat,3,186.2,7.79,0.499,14.2,144.6,jointing,65,0.559,47.4,52.6,3.34,3.7,375,18.2
Amritsar,paddy,3,259.3,7.64,0.543,25.2,150.1,grain_filling,117,0.547,44.6,55.4,2.88,3.57,375,30.23
Firozpur,paddy,3,136.9,8.46,0.377,18.8,311.0,flowering,73,0.796,45.2,54.8,2.91,3.54,375,27.49
Jalandhar,paddy,5,192.5,7.25,0.282,27.8,319.7,tillering,35,0.552,51.6,48.4,5.55,5.21,625,26.63
Ludhiana,wheat,4,239.5,7.35,0.36,36.7,318.0,jointing,72,0.595,44.0,56.0,4.13,5.25,500,17.57
Jalandhar,wheat,1,189.7,7.34,0.555,33.7,229.2,germination,8,0.215,63.3,36.7,1.48,0.86,125,19.33
Moga,paddy,4,185.8,7.27,0.499,17.4,198.7,panicle_initiation,50,0.615,47.3,52.7,4.07,4.53,500,28.02
Firozpur,wheat,2,268.9,8.19,0.372,36.8,288.0,jointing,80,0.504,48.4,51.6,2.27,2.42,250,19.7
Moga,wheat,3,220.6,7.48,0.295,24.1,194.8,grain_filling,125,0.509,49.5,50.5,3.48,3.56,375,18.73
Patiala,paddy,3,208.2,7.9,0.64,44.3,184.9,seedling,3,0.274,43.0,57.0,2.77,3.68,375,29.08
Jalandhar,paddy,2,252.6,7.97,0.362,13.1,135.7,grain_filling,112,0.611,38.7,61.3,1.66,2.64,250,27.58
Bathinda,paddy,4,210.0,8.62,0.322,14.7,177.9,grain_filling,110,0.554,51.2,48.8,4.4,4.2,500,28.13
Patiala,paddy,4,204.8,7.61,0.666,23.5,275.8,tillering,37,0.364,44.8,55.2,3.86,4.75,500,28.04
Patiala,wheat,3,192.6,7.24,0.385,30.0,139.2,jointing,55,0.519,53.6,46.4,3.77,3.27,375,18.0
Firozpur,wheat,2,223.4,7.68,0.357,23.7,137.9,tillering,46,0.449,56.6,43.4,2.66,2.04,250,18.38
Firozpur,paddy,10,168.8,7.97,0.352,23.6,284.1,panicle_initiation,62,0.67,47.4,52.6,10.19,11.31,1250,28.14
Patiala,wheat,5,206.5,7.13,0.668,32.7,136.3,heading,87,0.775,36.7,63.3,4.3,7.43,625,21.87
Firozpur,wheat,4,173.4,7.69,0.32,42.0,235.0,jointing,58,0.571,52.5,47.5,4.93,4.46,500,18.28
Bathinda,wheat,15,221.1,8.55,0.303,36.1,200.8,tillering,24,0.503,57.0,43.0,20.05,15.15,1875,17.09
Firozpur,wheat,7,164.3,8.43,0.383,12.4,129.5,grain_filling,101,0.638,42.0,58.0,6.9,9.52,875,19.33
Amritsar,wheat,3,234.5,8.0,0.447,25.6,189.3,grain_filling,111,0.602,44.5,55.5,3.13,3.9,375,18.62
Bathinda,paddy,3,212.4,8.44,0.238,40.9,153.4,grain_filling,93,0.577,49.3,50.7,3.18,3.27,375,25.82
Jalandhar,paddy,5,246.5,8.0,0.348,35.1,165.5,tillering,21,0.479,54.0,46.0,5.81,4.95,625,26.59
Jalandhar,wheat,2,199.8,7.98,0.315,36.3,129.1,tillering,23,0.525,57.4,42.6,2.69,2.0,250,19.63
Sangrur,wheat,1,254.7,7.48,0.33,42.1,275.7,grain_filling,117,0.555,46.1,53.9,1.08,1.26,125,19.39
Bathinda,paddy,2,247.0,8.41,0.432,38.4,285.7,flowering,75,0.661,45.3,54.7,1.95,2.35,250,26.62
